Class,Section,Days & Times,Room,Instructor,Meeting Dates,Status
BEN 212,"M001-SEC Regular",TuTh 12:30PM - 1:50PM,Link Hall 331,M. Blatchley,01/14/2025 - 04/24/2025,N/A
BEN 341,"M001-SEC Regular",TuTh 2:00PM - 3:20PM,Link Hall 331,R. Sureshkumar,01/14/2025 - 04/24/2025,N/A
BEN 364,"M001-SEC Regular",MoWe 3:45PM - 5:05PM,Link Hall 331,L. Lin,01/13/2025 - 04/28/2025,N/A
BEN 375,"M001-SEC Regular",TuTh 9:30AM - 10:50AM,Link Hall 331,Z. Ma,01/14/2025 - 04/24/2025,N/A
BEN 385,"M001-SEC Regular",Mo 12:45PM - 3:35PM,Link Hall 331,Y. Zheng,01/13/2025 - 04/28/2025,N/A
BEN 385,"M002-SEC Regular",We 12:45PM - 3:35PM,Link Hall 331,Y. Zheng,01/15/2025 - 04/23/2025,N/A
BEN 412,"U801-SEC Winterlude",TBA,ONLINE ASYNCHRONOUS,P. Yung,12/18/2024 - 01/10/2025,N/A
BEN 422,"M001-SEC Regular",MoWe 12:45PM - 2:05PM,Bowne Hall 414,Y. Wu,01/13/2025 - 04/28/2025,N/A
BEN 430,"M001-SEC Regular",MoWe 2:15PM - 3:35PM,Link Hall 373,C. Smith,01/13/2025 - 04/28/2025,N/A
BEN 431,"M001-SEC Regular",Mo 5:15PM - 8:00PM,ONLINE SYNCHRONOUS,K. Tsokas,01/13/2025 - 04/28/2025,N/A
BEN 433,"M001-SEC Regular",TuTh 2:00PM - 3:20PM,Bowne Hall 414,E. Jain,01/14/2025 - 04/24/2025,N/A
BEN 487,"M001-SEC Regular",We 9:30AM - 11:30AM,Link Hall 331,P. Yung,01/15/2025 - 04/23/2025,N/A
BEN 487,"M002-LAB Regular",Fr 12:45PM - 3:30PM,Link Hall 331,P. Yung,01/17/2025 - 04/25/2025,N/A
BEN 522,"M001-SEC Regular",Th 9:30AM - 12:15PM,ONLINE SYNCHRONOUS,D. Ren,01/16/2025 - 04/24/2025,N/A
BEN 541,"M001-SEC Regular",TuTh 12:30PM - 1:50PM,Bowne Hall 414,Y. Zheng,01/14/2025 - 04/24/2025,N/A
BEN 568,"M001-SEC Regular",TuTh 3:30PM - 4:50PM,School of Management 202,M. Monroe,01/14/2025 - 04/24/2025,N/A
BEN 602,"M001-SEC Regular",TuTh 11:00AM - 12:20PM,Bowne Hall 414,P. Yung,01/14/2025 - 04/24/2025,N/A
BEN 612,"U801-SEC Winterlude",TBA,ONLINE ASYNCHRONOUS,P. Yung,12/18/2024 - 01/10/2025,N/A
BEN 613,"M001-SEC Regular",TBA,TBA,J. Hewett,01/13/2025 - 04/28/2025,N/A
BEN 622,"M001-SEC Regular",MoWe 12:45PM - 2:05PM,Bowne Hall 414,Y. Wu,01/13/2025 - 04/28/2025,N/A
BEN 630,"M001-SEC Regular",MoWe 2:15PM - 3:35PM,Link Hall 373,C. Smith,01/13/2025 - 04/28/2025,N/A
BEN 631,"M001-SEC Regular",Mo 5:15PM - 8:00PM,ONLINE SYNCHRONOUS,K. Tsokas,01/13/2025 - 04/28/2025,N/A
BEN 633,"M001-SEC Regular",TuTh 2:00PM - 3:20PM,Bowne Hall 414,E. Jain,01/14/2025 - 04/24/2025,N/A
BEN 664,"M001-SEC Regular",MoWe 3:45PM - 5:05PM,Link Hall 331,L. Lin,01/13/2025 - 04/28/2025,N/A
BEN 997,"M001-SEC Regular",TBA,TBA,Staff,01/13/2025 - 04/28/2025,N/A
ANT 111,"M001-SEC Regular",TuTh 12:30PM - 1:25PM,Heroy Geology Building Aud,J. Jok,01/14/2025 - 04/24/2025,N/A
ANT 111,"M002-DISRegular",Tu 8:00AM - 8:55AM,Maxwell Hall 108,S. Run,01/14/2025 - 04/22/2025,N/A
ANT 111,"M003-DISRegular",Mo 11:40AM - 12:35PM,Smith Hall 337,R. Wang,01/13/2025 - 04/28/2025,N/A
ANT 111,"M004-DISRegular",We 12:45PM - 1:40PM,Life Science Building 156,R. Wang,01/15/2025 - 04/23/2025,N/A
ANT 111,"M005-DISRegular",Fr 8:25AM - 9:20AM,Eggers Hall 111,V. Raina,01/17/2025 - 04/25/2025,N/A
ANT 111,"M006-DISRegular",Th 9:30AM - 10:25AM,Link Hall 200,S. Run,01/16/2025 - 04/24/2025,N/A
ANT 112,"M001-SEC Regular",Mo 2:15PM - 3:35PM,Link Hall room 160,H. Ruffin,01/13/2025 - 04/28/2025,N/A
ANT 112,"M002-DISRegular",Mo 3:45PM - 5:05PM,Hall of Languages 201,H. Ruffin,01/13/2025 - 04/28/2025,N/A
ANT 121,"M001-SEC Regular",MoWe 10:35AM - 11:30AM,Watson Theater,J. Jok,01/13/2025 - 04/28/2025,N/A
ANT 121,"M005-DISRegular",Fr 8:25AM - 9:20AM,Hall of Languages 215,P. Emerson,01/17/2025 - 04/25/2025,N/A
ANT 121,"M006-DISRegular",Mo 11:40AM - 12:35PM,Maxwell Hall 111,B. Hinkley,01/13/2025 - 04/28/2025,N/A
ANT 121,"M010-DISRegular",We 8:25AM - 9:20AM,LYMAN HALL 115A,E. Whitaker,01/15/2025 - 04/23/2025,N/A
ANT 121,"M011-DISRegular",Fr 8:25AM - 9:20AM,Eggers Hall 113,E. Whitaker,01/17/2025 - 04/25/2025,N/A
ANT 121,"M012-DISRegular",Th 8:00AM - 8:55AM,Maxwell Hall 111,K. Singh,01/16/2025 - 04/24/2025,N/A
ANT 121,"M013-DISRegular",Mo 12:45PM - 1:40PM,Hall of Languages 211,B. Hinkley,01/13/2025 - 04/28/2025,N/A
ANT 121,"U001-SEC Regular",Mo 5:15PM - 8:00PM,Eggers Hall 032,F. Keles,01/13/2025 - 04/28/2025,N/A
ANT 131,"M001-SEC Regular",MoWe 11:40AM - 12:35PM,HB CROUSE GIFFORD,G. Pezzarossi,01/13/2025 - 04/28/2025,N/A
ANT 131,"M004-DISRegular",We 12:45PM - 1:40PM,Lyman Hall 411A,F. Jones,01/15/2025 - 04/23/2025,N/A
ANT 131,"M007-DISRegular",Tu 8:00AM - 8:55AM,Lyman Hall 411A,.. Sadam Hussain,01/14/2025 - 04/22/2025,N/A
ANT 131,"M008-DISRegular",Th 2:00PM - 2:55PM,Lyman Hall 411A,M. Burhenn,01/16/2025 - 04/24/2025,N/A
ANT 145,"M001-SEC Regular",MoWe 12:45PM - 1:40PM,MARLEY ROOM 216,J. Haines,01/13/2025 - 04/28/2025,N/A
ANT 145,"M002-SEC Regular",MoWe 12:45PM - 1:40PM,MARLEY ROOM 216,J. Haines,01/13/2025 - 04/28/2025,N/A
ANT 145,"M003-DISRegular",Tu 11:00AM - 11:55AM,Lyman Hall 411A,K. Johnson,01/14/2025 - 04/22/2025,N/A
ANT 145,"M004-DISRegular",We 9:30AM - 10:25AM,Lyman Hall 411A,J. Haines,01/15/2025 - 04/23/2025,N/A
ANT 145,"M007-DISRegular",Th 11:00AM - 11:55AM,Lyman Hall 411A,D. Okanlawon,01/16/2025 - 04/24/2025,N/A
ANT 145,"M008-DISRegular",We 2:15PM - 3:10PM,Lyman Hall 411A,A. Burnside,01/15/2025 - 04/23/2025,N/A
ANT 185,"M001-SEC Regular",TuTh 9:30AM - 10:25AM,MARLEY ROOM 216,M. Bhan,01/14/2025 - 04/24/2025,N/A
ANT 185,"M002-DISRegular",Fr 8:25AM - 9:20AM,Bowne Hall 110,J. Sharma,01/17/2025 - 04/25/2025,N/A
ANT 185,"M003-DISRegular",Fr 12:45PM - 1:40PM,Bowne Hall 110,J. Sharma,01/17/2025 - 04/25/2025,N/A
ANT 185,"M004-DISRegular",Fr 12:45PM - 1:40PM,Bowne Hall 116,K. Taylor Riccio,01/17/2025 - 04/25/2025,N/A
ANT 185,"M005-DISRegular",Fr 8:00AM - 8:55AM,Bowne Hall 116,K. Taylor Riccio,01/17/2025 - 04/25/2025,N/A
ANT 185,"U702-SEC Eight Wk 2","TBA Tu 6:30PM - 8:00PM","ONLINE ASYNCHRONOUS ONLINE SYNCHRONOUS","F. Keles F. Keles","03/10/2025 - 05/01/2025 03/11/2025 - 04/29/2025",N/A
ANT 185,"U801-SEC Winterlude",TBA,ONLINE ASYNCHRONOUS,M. Schwarz,12/18/2024 - 01/10/2025,N/A
ANT 202,"M001-SEC Regular",MoWe 10:35AM - 11:30AM,Hall of Languages 214,K. Oda,01/13/2025 - 04/28/2025,N/A
ANT 311,"M001-SEC Regular",MoWe 12:45PM - 2:05PM,Maxwell Hall 205A,A. Hromadzic Vlasak,01/13/2025 - 04/28/2025,N/A
ANT 342,"M001-SEC Regular",TuTh 11:00AM - 12:20PM,Hall of Languages 111,T. Singleton,01/14/2025 - 04/24/2025,N/A
ANT 373,"M002-SEC Regular",TuTh 2:00PM - 3:20PM,School of Management 204,F. Keles,01/14/2025 - 04/24/2025,N/A
ANT 378,"M001-SEC Regular",TuTh 2:00PM - 3:20PM,Hall of Languages 205,R. Habib,01/14/2025 - 04/24/2025,N/A
ANT 424,"M001-SEC Regular",Tu 5:00PM - 6:30PM,ONLINE SYNCHRONOUS,R. Rubinstein,01/14/2025 - 04/22/2025,N/A
ANT 446,"M001-SEC Regular",Mo 2:15PM - 5:00PM,MARLEY ROOM 306,T. Singleton,01/13/2025 - 04/28/2025,N/A
ANT 448,"M001-SEC Regular",TuTh 12:30PM - 1:50PM,HB CROUSE 323A,G. Pezzarossi,01/14/2025 - 04/24/2025,N/A
ANT 452,"M001-SEC Regular",We 2:15PM - 5:00PM,FALK ROOM 201,R. Rubinstein,01/15/2025 - 04/23/2025,N/A
ANT 463,"M001-SEC Regular",Mo 5:15PM - 8:00PM,FALK ROOM 100,D. Larsen,01/13/2025 - 04/28/2025,N/A
ANT 473,"M001-SEC Regular",Mo 2:15PM - 5:00PM,Maxwell Hall 205A,A. Hromadzic Vlasak,01/13/2025 - 04/28/2025,N/A
ANT 481,"M001-SEC Regular",MoWe 3:45PM - 5:05PM,Hall of Languages 105,K. Mallon Andrews,01/13/2025 - 04/28/2025,N/A
ANT 624,"M001-SEC Regular",Tu 5:00PM - 6:30PM,ONLINE SYNCHRONOUS,R. Rubinstein,01/14/2025 - 04/22/2025,N/A
ANT 646,"M001-SEC Regular",Mo 2:15PM - 5:00PM,MARLEY ROOM 306,T. Singleton,01/13/2025 - 04/28/2025,N/A
ANT 648,"M001-SEC Regular",TuTh 12:30PM - 1:50PM,HB CROUSE 323A,G. Pezzarossi,01/14/2025 - 04/24/2025,N/A
ANT 652,"M001-SEC Regular",We 2:15PM - 5:00PM,FALK ROOM 201,R. Rubinstein,01/15/2025 - 04/23/2025,N/A
ANT 663,"M001-SEC Regular",Mo 5:15PM - 8:00PM,FALK ROOM 100,D. Larsen,01/13/2025 - 04/28/2025,N/A
ANT 673,"M001-SEC Regular",Mo 2:15PM - 5:00PM,Maxwell Hall 205A,A. Hromadzic Vlasak,01/13/2025 - 04/28/2025,N/A
ANT 678,"M001-SEC Regular",TuTh 2:00PM - 3:20PM,Hall of Languages 205,R. Habib,01/14/2025 - 04/24/2025,N/A
ANT 711,"M001-SEC Regular",Fr 9:30AM - 12:15PM,Maxwell Hall 205A,M. Bhan,01/17/2025 - 04/25/2025,N/A
ANT 741,"M001-SEC Regular",We 2:15PM - 5:00PM,Maxwell Hall 205A,C. DeCorse,01/15/2025 - 04/23/2025,N/A
ANT 999,"M001-SEC Regular",TBA,TBA,Staff,01/13/2025 - 04/28/2025,N/A
CSE 262,"M001-SEC Regular",Fr 12:45PM - 3:30PM,SCITC 3-116,J. Medjo Me Biomo,01/17/2025 - 04/25/2025,N/A
CSE 262,"M002-SEC Regular",Th 2:00PM - 4:45PM,SCITC 3-116,J. Medjo Me Biomo,01/16/2025 - 04/24/2025,N/A
CSE 384,"M001-SEC Regular",MoWe 5:15PM - 6:35PM,Link Hall room 160,J. Waclawski,01/13/2025 - 04/28/2025,N/A
CSE 384,"M002-SEC Regular",MoWe 2:15PM - 3:35PM,Hall of Languages 207,Y. Tang,01/13/2025 - 04/28/2025,N/A
CSE 398,"M002-SEC Regular",MoWe 12:45PM - 3:35PM,Science & Tech Ctr 3-217,Y. Cao,01/13/2025 - 04/28/2025,N/A
CSE 400,"M001-SEC Regular","MoWe 11:40AM - 12:35PM Fr 10:35AM - 12:30PM","Science & Tech Ctr 3-216 SCITC4-201","J. Medjo Me Biomo J. Medjo Me Biomo","01/13/2025 - 04/28/2025 01/17/2025 - 04/25/2025",N/A
CSE 400,"M002-SEC Regular",TuTh 9:30AM - 10:50AM,Hall of Languages 205,E. Ercanli,01/14/2025 - 04/24/2025,N/A
CSE 400,"M003-SEC Regular","MoWe 5:15PM - 6:35PM We 6:45PM - 8:05PM","Science & Tech Ctr 3-217 Science & Tech Ctr 3-217","D. Marcy D. Marcy","01/13/2025 - 04/28/2025 01/15/2025 - 04/23/2025",N/A
CSE 486,"M001-SEC Regular",TuTh 12:30PM - 1:50PM,Newhouse 2 469,B. Kim,01/14/2025 - 04/24/2025,N/A
CSE 486,"M002-LAB Regular",Fr 11:40AM - 1:40PM,Link Hall 011,B. Kim,01/17/2025 - 04/25/2025,N/A
CSE 486,"M003-LAB Regular",Fr 2:15PM - 4:05PM,Link Hall 011,B. Kim,01/17/2025 - 04/25/2025,N/A
CSE 492,"M001-SEC Regular",TuTh 11:00AM - 12:20PM,SCITC3-211,J. Graham,01/14/2025 - 04/24/2025,N/A
CSE 581,"M004-SEC Regular",TuTh 5:00PM - 6:20PM,Watson Theater,L. Wang,01/14/2025 - 04/24/2025,N/A
CSE 643,"M400-SEC ONL2 Sprng","TBA Tu 8:30PM - 10:15PM","ONLINE ASYNCHRONOUS ONLINE SYNCHRONOUS","J. Weissman J. Weissman","03/26/2025 - 04/07/2025 04/08/2025 - 06/17/2025",N/A
CSE 644,"M400-SEC ONL2 Wntr","TBA Th 8:30PM - 10:15PM","ONLINE ASYNCHRONOUS ONLINE SYNCHRONOUS","J. Weissman J. Weissman","01/02/2025 - 01/08/2025 01/09/2025 - 03/20/2025",N/A
CSE 661,"M001-SEC Regular",MoWe 3:45PM - 5:05PM,Heroy Geology Building Aud,E. Ercanli,01/13/2025 - 04/28/2025,N/A
CSE 661,"M400-SEC ONL2 Wntr","TBA Mo 6:30PM - 8:15PM","ONLINE ASYNCHRONOUS ONLINE SYNCHRONOUS","M. Abdallah M. Abdallah","01/02/2025 - 01/12/2025 01/13/2025 - 03/24/2025",N/A
CSE 661,"M401-SEC ONL2 Sprng","TBA Tu 8:00PM - 9:45PM","ONLINE ASYNCHRONOUS ONLINE SYNCHRONOUS","M. Abdallah M. Abdallah","03/26/2025 - 04/07/2025 04/08/2025 - 06/17/2025",N/A
CSE 664,"M401-SEC ONL2 Sprng","TBA Tu 6:00PM - 7:45PM","ONLINE ASYNCHRONOUS ONLINE SYNCHRONOUS","M. Abdallah M. Abdallah","03/26/2025 - 04/07/2025 04/08/2025 - 06/17/2025",N/A
CSE 671,"M001-SEC Regular",TuTh 9:30AM - 10:50AM,Hall of Languages 205,E. Ercanli,01/14/2025 - 04/24/2025,N/A
CSE 674,"M400-SEC ONL2 Sprng","TBA We 8:30PM - 10:00PM","ONLINE ASYNCHRONOUS ONLINE SYNCHRONOUS","Staff Staff","03/26/2025 - 04/08/2025 04/09/2025 - 06/11/2025",N/A
CSE 681,"M400-SEC ONL2 Wntr","TBA Mo 8:30PM - 10:15PM","ONLINE ASYNCHRONOUS ONLINE SYNCHRONOUS","G. Wagner G. Wagner","01/02/2025 - 01/12/2025 01/13/2025 - 03/24/2025",N/A
CSE 682,"M400-SEC ONL2 Wntr","TBA Th 8:30PM - 10:15PM","ONLINE ASYNCHRONOUS ONLINE SYNCHRONOUS","H. Saadawi H. Saadawi","01/02/2025 - 01/08/2025 01/09/2025 - 03/20/2025",N/A
CSE 687,"M001-SEC Regular",TuTh 5:00PM - 6:20PM,FALK ROOM 104,N. Ghani,01/14/2025 - 04/24/2025,N/A
CSE 687,"M400-SEC ONL2 Sprng","TBA Mo 8:30PM - 10:15PM","ONLINE ASYNCHRONOUS ONLINE SYNCHRONOUS","S. Roueche S. Roueche","03/26/2025 - 04/06/2025 04/07/2025 - 06/16/2025",N/A
CSE 788,"M001-SEC Regular",TuTh 3:30PM - 4:50PM,Sims Hall 331,Q. Qiu,01/14/2025 - 04/24/2025,N/A
CSE 791,"M001-SEC Regular",We 5:15PM - 8:00PM,SCITC3-212,M. Hoque,01/15/2025 - 04/23/2025,N/A
CHE 113,"U700-SEC Eight Wk 1","TBA Th 6:30PM - 8:00PM","ONLINE ASYNCHRONOUS ONLINE SYNCHRONOUS","Staff J. Spencer","01/13/2025 - 03/06/2025 01/16/2025 - 03/06/2025",N/A
CHE 116,"M001-SEC Regular",TuTh 12:30PM - 1:50PM,Life Science Building 001,J. French,01/14/2025 - 04/24/2025,N/A
CHE 116,"M004-RECRegular",Tu 3:30PM - 4:25PM,Newhouse 2 345,J. French,01/14/2025 - 04/22/2025,N/A
CHE 116,"M009-SEC Regular",TuTh 3:30PM - 4:50PM,HB CROUSE GIFFORD,J. French,01/14/2025 - 04/24/2025,N/A
CHE 116,"M011-RECRegular",Mo 12:45PM - 1:40PM,Hall of Languages 105,J. French,01/13/2025 - 04/28/2025,N/A
CHE 116,"M012-RECRegular",Mo 5:15PM - 6:10PM,Lyman Hall 115B,J. French,01/13/2025 - 04/28/2025,N/A
CHE 116,"M014-RECRegular",Tu 9:30AM - 10:25AM,Life Science Building 300,J. French,01/14/2025 - 04/22/2025,N/A
CHE 116,"M020-RECRegular",Mo 10:35AM - 11:30AM,Heroy Geology Building 013,J. French,01/13/2025 - 04/28/2025,N/A
CHE 116,"M025-SEC Regular",MoWe 2:15PM - 3:35PM,Watson Theater,P. Dent,01/13/2025 - 04/28/2025,N/A
CHE 116,"M027-RECRegular",We 11:40AM - 12:35PM,Heroy Geology Building 013,P. Dent,01/15/2025 - 04/23/2025,N/A
CHE 116,"M028-RECRegular",Mo 12:45PM - 1:40PM,Life Science Building 156,P. Dent,01/13/2025 - 04/28/2025,N/A
CHE 116,"M029-RECRegular",Fr 12:45PM - 1:40PM,Life Science Building 156,P. Dent,01/17/2025 - 04/25/2025,N/A
CHE 116,"M030-RECRegular",Tu 9:30AM - 10:25AM,Eggers Hall 113,P. Dent,01/14/2025 - 04/22/2025,N/A
CHE 116,"M033-RECRegular",Tu 12:30PM - 1:25PM,Heroy Geology Building 013,P. Dent,01/14/2025 - 04/22/2025,N/A
CHE 325,"M001-SEC Regular","MoWeFr 9:30AM - 10:25AM Th 5:00PM - 6:20PM Th 5:00PM - 6:20PM Th 5:00PM - 6:20PM Th 5:00PM - 6:20PM Th 5:00PM - 6:20PM","Life Science Building 001 Grant Auditorium Grant Auditorium Heroy Geology Building Aud Physics Building Stolk Grant Auditorium","M. Sponsler Staff Staff Staff Staff Staff","01/13/2025 - 04/28/2025 02/06/2025 - 02/06/2025 03/06/2025 - 03/06/2025 04/03/2025 - 04/03/2025 04/03/2025 - 04/03/2025 04/24/2025 - 04/24/2025",N/A
CHE 325,"M004-RECRegular",Mo 6:45PM - 8:05PM,Hall of Languages 105,M. Sponsler,01/13/2025 - 04/28/2025,N/A
CHE 325,"M006-RECRegular",Mo 5:15PM - 6:35PM,Hall of Languages 214,M. Sponsler,01/13/2025 - 04/28/2025,N/A
CHE 325,"M007-RECRegular",Tu 3:30PM - 4:50PM,Sims Hall 237,M. Sponsler,01/14/2025 - 04/22/2025,N/A
CHE 325,"M008-RECRegular",Tu 6:30PM - 7:50PM,Hall of Languages 115,M. Sponsler,01/14/2025 - 04/22/2025,N/A
CHE 325,"M009-RECRegular",We 6:45PM - 8:05PM,Hall of Languages 205,M. Sponsler,01/15/2025 - 04/23/2025,N/A
CHE 325,"M010-RECRegular",We 5:15PM - 6:35PM,Life Science Building 214,M. Sponsler,01/15/2025 - 04/23/2025,N/A
CHE 326,"M001-SEC Regular",Mo 3:45PM - 4:45PM,Life Science Building 001,Y. Luk,01/13/2025 - 04/28/2025,N/A
CHE 326,"M002-LAB Regular",Tu 12:30PM - 3:20PM,Life Science Building 303,Y. Luk,01/14/2025 - 04/22/2025,N/A
CHE 326,"M003-LAB Regular",Tu 6:30PM - 9:20PM,Life Science Building 303,Y. Luk,01/14/2025 - 04/22/2025,N/A
CHE 326,"M004-LAB Regular",We 12:45PM - 3:35PM,Life Science Building 303,Y. Luk,01/15/2025 - 04/23/2025,N/A
CHE 326,"M005-LAB Regular",We 6:45PM - 9:35PM,Life Science Building 303,Y. Luk,01/15/2025 - 04/23/2025,N/A
CHE 326,"M006-LAB Regular",Th 12:30PM - 3:20PM,Life Science Building 303,Y. Luk,01/16/2025 - 04/24/2025,N/A
CHE 326,"M007-LAB Regular",Mo 12:45PM - 3:35PM,Life Science Building 303,Y. Luk,01/13/2025 - 04/28/2025,N/A
CHE 326,"M008-LAB Regular",Mo 6:45PM - 9:35PM,Life Science Building 303,Y. Luk,01/13/2025 - 04/28/2025,N/A
CHE 356,"M001-SEC Regular",TuTh 11:00AM - 12:20PM,Life Science Building 200,J. Chaiken,01/14/2025 - 04/24/2025,N/A
CHE 357,"M001-SEC Regular",Mo 2:15PM - 3:35PM,Life Science Building 215,T. Korter,01/13/2025 - 04/28/2025,N/A
CHE 357,"M003-LAB Regular","Th 2:00PM - 4:45PM Th 2:00PM - 4:45PM","Life Science Building 215 Life Science Building 301","T. Korter Staff","01/16/2025 - 04/24/2025 01/16/2025 - 04/24/2025",N/A
CHE 412,"M001-SEC Regular",MoWeFr 9:30AM - 10:25AM,Life Science Building 011,R. Doyle,01/13/2025 - 04/28/2025,N/A
CHE 414,"M001-SEC Regular","TuTh 9:30AM - 10:50AM TuTh 9:30AM - 10:50AM","Bowne Hall 105 Science & Tech Ctr 1-132","J. French J. French","01/14/2025 - 04/24/2025 01/14/2025 - 04/24/2025",N/A
CHE 422,"M001-SEC Regular",We 2:15PM - 5:15PM,Life Science Building 101,W. Zheng,01/15/2025 - 04/23/2025,N/A
CHE 444,"M001-SEC Regular",Tu 12:30PM - 4:30PM,Life Science Building 201,D. Das,01/14/2025 - 04/22/2025,N/A
CHE 450,"M001-SEC Regular",TBA,TBA,N. Totah,01/13/2025 - 04/28/2025,N/A
CHE 450,"M002-RECRegular",TBA,TBA,C. Castaneda,01/13/2025 - 04/28/2025,N/A
CHE 450,"M012-RECRegular",TBA,TBA,K. Ruhlandt,01/13/2025 - 04/28/2025,N/A
CHE 450,"M021-RECRegular",TBA,TBA,J. Hougland,01/13/2025 - 04/28/2025,N/A
CHE 450,"M022-RECRegular",TBA,TBA,J. Chisholm,01/13/2025 - 04/28/2025,N/A
CHE 450,"M025-RECRegular",TBA,TBA,W. Zheng,01/13/2025 - 04/28/2025,N/A
CHE 450,"M026-RECRegular",TBA,TBA,N. Totah,01/13/2025 - 04/28/2025,N/A
CHE 450,"M027-RECRegular",TBA,TBA,T. Korter,01/13/2025 - 04/28/2025,N/A
CHE 450,"M029-RECRegular",TBA,TBA,D. Mozhdehi,01/13/2025 - 04/28/2025,N/A
CHE 450,"M030-RECRegular",TBA,TBA,R. Steinhardt,01/13/2025 - 04/28/2025,N/A
CHE 477,"M001-SEC Regular",Mo 2:15PM - 3:15PM,Sims Hall 237,D. Mozhdehi,01/13/2025 - 04/28/2025,N/A
CHE 575,"M001-SEC Regular",TuTh 11:00AM - 12:20PM,Life Science Building 214,N. Totah,01/14/2025 - 04/24/2025,N/A
CHE 600,"M003-SEC Regular",TuTh 12:30PM - 1:50PM,Life Science Building 215,S. Sukenik,01/14/2025 - 04/24/2025,N/A
CHE 612,"M001-SEC Regular",MoWeFr 9:30AM - 10:25AM,Life Science Building 011,R. Doyle,01/13/2025 - 04/28/2025,N/A
CHE 614,"M001-SEC Regular","TuTh 9:30AM - 10:50AM TuTh 9:30AM - 10:50AM","Bowne Hall 105 Science & Tech Ctr 1-132","J. French J. French","01/14/2025 - 04/24/2025 01/14/2025 - 04/24/2025",N/A
CHE 645,"M001-SEC Regular",TuTh 2:00PM - 3:20PM,Hall of Languages 115,A. Chakraborty,01/14/2025 - 04/24/2025,N/A
CHE 686,"M001-SEC Regular",MoWeFr 11:40AM - 12:35PM,Bowne Hall 116,J. Chisholm,01/13/2025 - 04/28/2025,N/A
CHE 997,"M001-SEC Regular",TBA,TBA,Staff,01/13/2025 - 04/28/2025,N/A
CHE 999,"M001-SEC Regular",TBA,TBA,Staff,01/13/2025 - 04/28/2025,N/A
PHI 107,"M102-SEC Regular",MoWeFr 12:45PM - 1:40PM,Shaffer Art Building 221D,J. Hedger,01/13/2025 - 04/28/2025,N/A
PHI 107,"M103-SEC Regular",TuTh 3:30PM - 4:50PM,Link Hall 200,S. Chen,01/14/2025 - 04/24/2025,N/A
PHI 107,"M105-SEC Regular",MoWeFr 10:35AM - 11:30AM,LYMAN HALL 115A,J. Hedger,01/13/2025 - 04/28/2025,N/A
PHI 109,"M001-SEC Regular",TuTh 2:00PM - 3:20PM,Life Science Building 156,E. Shumener,01/14/2025 - 04/24/2025,N/A
PHI 125,"M001-SEC Regular",MoWe 10:35AM - 11:30AM,Hall of Languages 207,D. Rasmussen,01/13/2025 - 04/28/2025,N/A
PHI 125,"M002-DISRegular",Fr 9:30AM - 10:25AM,Hall of Languages 215,C. Miller,01/17/2025 - 04/25/2025,N/A
PHI 125,"M003-DISRegular",Fr 10:35AM - 11:30AM,Hall of Languages 115,C. Miller,01/17/2025 - 04/25/2025,N/A
PHI 125,"M004-DISRegular",Fr 12:45PM - 1:40PM,Hall of Languages 202,L. Zheng,01/17/2025 - 04/25/2025,N/A
PHI 175,"M003-SEC Regular",MoWe 3:45PM - 5:05PM,School of Management 306,D. Sobel,01/13/2025 - 04/28/2025,N/A
PHI 175,"M100-SEC Regular",TuTh 12:30PM - 1:25PM,Sims Hall 331,C. Bousquet,01/14/2025 - 04/24/2025,N/A
PHI 175,"M102-DISRegular",We 10:35AM - 11:30AM,Hall of Languages 101,W. Ding,01/15/2025 - 04/23/2025,N/A
PHI 192,"M001-SEC Regular",MoWe 3:45PM - 5:05PM,Eggers Hall 113,V. Nicolau Sholl De Freitas Lima,01/13/2025 - 04/28/2025,N/A
PHI 192,"M002-SEC Regular",TuTh 9:30AM - 10:50AM,LYMAN HALL 115A,K. Head,01/14/2025 - 04/24/2025,N/A
PHI 192,"M003-SEC Regular",TuTh 12:30PM - 1:50PM,Maxwell Hall 110,A. Fraser,01/14/2025 - 04/24/2025,N/A
PHI 192,"M004-SEC Regular",TuTh 2:00PM - 3:20PM,Lyman Hall 115B,A. Freiles,01/14/2025 - 04/24/2025,N/A
PHI 192,"M101-SEC Regular",MoWe 10:35AM - 11:30AM,FALK ROOM 100,K. Nisenbaum,01/13/2025 - 04/28/2025,N/A
PHI 192,"M102-DISRegular",Fr 9:30AM - 10:25AM,Hall of Languages 115,A. Zamora Buen Abad,01/17/2025 - 04/25/2025,N/A
PHI 192,"M103-DISRegular",Fr 10:35AM - 11:30AM,Sims Hall 337,A. Zamora Buen Abad,01/17/2025 - 04/25/2025,N/A
PHI 192,"M104-DISRegular",Fr 11:40AM - 12:35PM,Link Hall 200,M. Rozas Arceo,01/17/2025 - 04/25/2025,N/A
PHI 192,"M105-DISRegular",Fr 12:45PM - 1:40PM,Link Hall 200,M. Rozas Arceo,01/17/2025 - 04/25/2025,N/A
PHI 197,"M003-SEC Regular",TuTh 3:30PM - 4:50PM,Hall of Languages 215,P. Ryan,01/14/2025 - 04/24/2025,N/A
PHI 197,"M004-SEC Regular",MoWe 2:15PM - 3:35PM,Hall of Languages 211,J. Lee,01/13/2025 - 04/28/2025,N/A
PHI 197,"U800-SEC Regular",TBA,ONLINE ASYNCHRONOUS,K. Richardson,01/13/2025 - 04/28/2025,N/A
PHI 251,"M001-SEC Regular",MoWe 10:35AM - 11:30AM,MARLEY ROOM 216,M. Rieppel,01/13/2025 - 04/28/2025,N/A
PHI 251,"M002-DISRegular",Fr 10:35AM - 11:30AM,Heroy Geology Building 013,S. Alvarez,01/17/2025 - 04/25/2025,N/A
PHI 251,"M003-DISRegular",Fr 9:30AM - 10:25AM,TOLLEY204,S. Alvarez,01/17/2025 - 04/25/2025,N/A
PHI 251,"M004-DISRegular",Fr 12:45PM - 1:40PM,Hall of Languages 211,T. Pan,01/17/2025 - 04/25/2025,N/A
PHI 251,"M008-DISRegular",Th 2:00PM - 2:55PM,Smith Hall 330,J. Liebergen,01/16/2025 - 04/24/2025,N/A
PHI 251,"M101-SEC Regular",MoWe 12:45PM - 2:05PM,Life Science Building 300,S. Lee,01/13/2025 - 04/28/2025,N/A
PHI 251,"M102-SEC Regular",TuTh 11:00AM - 12:20PM,Smith Hall 337,H. Shirmohammadi,01/14/2025 - 04/24/2025,N/A
PHI 251,"M104-SEC Regular",TuTh 2:00PM - 3:20PM,Maxwell Hall 111,H. Shirmohammadi,01/14/2025 - 04/24/2025,N/A
PHI 251,"U800-SEC Regular",TBA,ONLINE ASYNCHRONOUS,J. Lee,01/13/2025 - 04/28/2025,N/A
PHI 293,"M001-SEC Regular",TuTh 12:30PM - 1:25PM,Life Science Building 105,W. Osborne III,01/14/2025 - 04/24/2025,N/A
PHI 293,"M004-DISRegular",We 12:45PM - 1:40PM,Newhouse 2 345,A. Harrison,01/15/2025 - 04/23/2025,N/A
PHI 297,"M001-SEC Regular",MoWe 2:15PM - 3:35PM,HB CROUSE 213B located on quad,Y. Cimendereli,01/13/2025 - 04/28/2025,N/A
PHI 300,"M002-SEC Regular",MoWe 12:45PM - 2:05PM,Bowne Hall 306D,K. Nisenbaum,01/13/2025 - 04/28/2025,N/A
PHI 321,"M001-SEC Regular",MoWe 3:45PM - 5:05PM,Heroy Geology Building 113,M. Rieppel,01/13/2025 - 04/28/2025,N/A
PHI 325,"M001-SEC Regular",TuTh 2:00PM - 3:20PM,Hall of Languages 101,G. Lambert,01/14/2025 - 04/24/2025,N/A
PHI 363,"U801-SEC Winterlude",TBA,ONLINE ASYNCHRONOUS,D. Morgan,12/18/2024 - 01/10/2025,N/A
PHI 393,"M001-SEC Regular",MoWe 5:15PM - 6:35PM,Smith Hall 337,D. Sobel,01/13/2025 - 04/28/2025,N/A
PHI 401,"M001-SEC Regular",TuTh 9:30AM - 10:50AM,Hall of Languages 101,H. Paakkunainen,01/14/2025 - 04/24/2025,N/A
PHI 422,"M001-SEC Regular",Tu 5:00PM - 7:45PM,TOLLEY304,G. Lambert,01/14/2025 - 04/22/2025,N/A
PHI 499,"M001-SEC Regular",TBA,TBA,Staff,01/13/2025 - 04/28/2025,N/A
PHI 552,"M001-SEC Regular",TuTh 9:30AM - 10:50AM,Hall of Languages 201,M. Abreu Zavaleta,01/14/2025 - 04/24/2025,N/A
PHI 575,"M001-SEC Regular",TuTh 3:30PM - 4:50PM,Hall of Languages 205,J. Hunt,01/14/2025 - 04/24/2025,N/A
PHI 600,"M001-SEC Regular",Tu 6:30PM - 8:20PM,Hall of Languages 538,W. Bradley,01/14/2025 - 04/22/2025,N/A
PHI 687,"M001-SEC Regular",TuTh 2:00PM - 3:20PM,Hall of Languages 538,K. Edwards,01/14/2025 - 04/24/2025,N/A
PHI 710,"M001-SEC Regular",Th 3:30PM - 6:15PM,Hall of Languages 538,C. Noble,01/16/2025 - 04/24/2025,N/A
PHI 750,"M001-SEC Regular",Tu 3:30PM - 6:15PM,Hall of Languages 538,M. Abreu Zavaleta,01/14/2025 - 04/22/2025,N/A
PHI 750,"M002-SEC Regular",We 3:45PM - 6:30PM,FALK ROOM 556,J. Dowell,01/15/2025 - 04/23/2025,N/A
PHI 750,"M003-SEC Regular",Mo 3:45PM - 6:30PM,Hall of Languages 538,E. Shumener,01/13/2025 - 04/28/2025,N/A
PHI 999,"M001-SEC Regular",TBA,TBA,Staff,01/13/2025 - 04/28/2025,N/A
MAT 100,"M001-SEC Regular",MoWe 2:15PM - 3:35PM,Lyman Hall 126,N. Fonger,01/13/2025 - 04/28/2025,N/A
MAT 118,"M001-SEC Regular",MoWe 2:15PM - 3:35PM,Carnegie 120,S. Caviness,01/13/2025 - 04/28/2025,N/A
MAT 118,"M002-SEC Regular",MoWe 3:45PM - 5:05PM,Carnegie 120,B. Odiwuor,01/13/2025 - 04/28/2025,N/A
MAT 121,"M100-SEC Regular",MoWeFr 10:35AM - 11:30AM,Life Science Building 001,J. Masingila,01/13/2025 - 04/28/2025,N/A
MAT 121,"M103-RECRegular",Tu 11:00AM - 11:55AM,Carnegie 124,R. Ayine,01/14/2025 - 04/22/2025,N/A
MAT 121,"M109-RECRegular",Tu 3:30PM - 4:25PM,Carnegie 124,M. Oluoch,01/14/2025 - 04/22/2025,N/A
MAT 121,"U701-SEC Eight Wk 1","TBA Th 8:00PM - 9:30PM","ONLINE ASYNCHRONOUS ONLINE SYNCHRONOUS","M. Mesanovic M. Mesanovic","01/13/2025 - 03/06/2025 01/16/2025 - 03/06/2025",N/A
MAT 122,"M100-SEC Regular",TuTh 8:00AM - 9:20AM,Physics Building Stolk,X. Au,01/14/2025 - 04/24/2025,N/A
MAT 122,"M101-RECRegular",Mo 10:35AM - 11:30AM,Carnegie 124,X. Duan,01/13/2025 - 04/28/2025,N/A
MAT 122,"M103-RECRegular",Fr 10:35AM - 11:30AM,Carnegie 124,T. Kisakye,01/17/2025 - 04/25/2025,N/A
MAT 122,"M104-RECRegular",Mo 12:45PM - 1:40PM,Carnegie 124,X. Duan,01/13/2025 - 04/28/2025,N/A
MAT 122,"M105-RECRegular",We 12:45PM - 1:40PM,Carnegie 124,J. Yu,01/15/2025 - 04/23/2025,N/A
MAT 122,"M106-RECRegular",We 2:15PM - 3:10PM,Carnegie 124,J. Yu,01/15/2025 - 04/23/2025,N/A
MAT 122,"M200-SEC Regular",TuTh 2:00PM - 3:20PM,Physics Building Stolk,X. Au,01/14/2025 - 04/24/2025,N/A
MAT 122,"M201-RECRegular",Mo 8:25AM - 9:20AM,Carnegie 124,T. Kisakye,01/13/2025 - 04/28/2025,N/A
MAT 122,"M202-RECRegular",We 8:25AM - 9:20AM,Carnegie 124,T. Kisakye,01/15/2025 - 04/23/2025,N/A
MAT 122,"M203-RECRegular",Fr 8:25AM - 9:20AM,Carnegie 124,T. Kisakye,01/17/2025 - 04/25/2025,N/A
MAT 122,"M204-RECRegular",Mo 11:40AM - 12:35PM,Carnegie 124,E. Downing,01/13/2025 - 04/28/2025,N/A
MAT 122,"M205-RECRegular",We 11:40AM - 12:35PM,Carnegie 124,E. Downing,01/15/2025 - 04/23/2025,N/A
MAT 122,"M206-RECRegular",Fr 11:40AM - 12:35PM,Carnegie 124,E. Downing,01/17/2025 - 04/25/2025,N/A
MAT 122,"U703-SEC Eight Wk 2","TBA Th 8:00PM - 9:30PM","ONLINE ASYNCHRONOUS ONLINE SYNCHRONOUS","M. Mesanovic M. Mesanovic","03/10/2025 - 05/01/2025 03/13/2025 - 05/01/2025",N/A
MAT 122,"U800-SEC Regular",TBA,ONLINE ASYNCHRONOUS,R. Margrey,01/13/2025 - 04/28/2025,N/A
MAT 194,"M001-SEC Regular","MoWeFr 10:35AM - 11:30AM Tu 5:00PM - 6:20PM","Carnegie 115 Carnegie 120","J. Appiah J. Appiah","01/13/2025 - 04/28/2025 01/14/2025 - 04/22/2025",N/A
MAT 221,"M100-SEC Regular",TuTh 2:00PM - 3:20PM,Life Science Building 001,T. John,01/14/2025 - 04/24/2025,N/A
MAT 221,"M103-RECRegular",We 8:25AM - 9:20AM,Carnegie 110,E. Shevchenko,01/15/2025 - 04/23/2025,N/A
MAT 221,"M107-RECRegular",We 2:15PM - 3:10PM,Carnegie 119,A. Sun,01/15/2025 - 04/23/2025,N/A
MAT 221,"M108-RECRegular",Fr 10:35AM - 11:30AM,Carnegie 200,C. Yin,01/17/2025 - 04/25/2025,N/A
MAT 221,"M109-RECRegular",We 11:40AM - 12:35PM,Carnegie 200,A. Sun,01/15/2025 - 04/23/2025,N/A
MAT 221,"M200-SEC Regular",TuTh 3:30PM - 4:50PM,Life Science Building 001,T. John,01/14/2025 - 04/24/2025,N/A
MAT 221,"M201-RECRegular",Fr 9:30AM - 10:25AM,Carnegie 200,C. Yin,01/17/2025 - 04/25/2025,N/A
MAT 221,"M202-RECRegular",We 9:30AM - 10:25AM,Carnegie 200,E. Shevchenko,01/15/2025 - 04/23/2025,N/A
MAT 221,"M206-RECRegular",We 5:15PM - 6:10PM,Carnegie 200,M. Donaghy-Robinson,01/15/2025 - 04/23/2025,N/A
MAT 221,"M208-RECRegular",We 10:35AM - 11:30AM,Carnegie 200,A. Sun,01/15/2025 - 04/23/2025,N/A
MAT 221,"M209-RECRegular",Fr 12:45PM - 1:40PM,Carnegie 100,C. Yin,01/17/2025 - 04/25/2025,N/A
MAT 222,"M004-SEC Regular",MoWe 3:45PM - 5:05PM,Carnegie 122,Y. Zhang,01/13/2025 - 04/28/2025,N/A
MAT 222,"U800-SEC Regular",TBA,ONLINE ASYNCHRONOUS,R. Margrey,01/13/2025 - 04/28/2025,N/A
MAT 284,"M100-SEC Regular",TuTh 12:30PM - 1:50PM,HB CROUSE GIFFORD,M. Alan,01/14/2025 - 04/24/2025,N/A
MAT 284,"M101-RECRegular",Mo 8:25AM - 9:20AM,Carnegie 100,L. Wickham,01/13/2025 - 04/28/2025,N/A
MAT 284,"M102-RECRegular",We 8:25AM - 9:20AM,Carnegie 100,L. Wickham,01/15/2025 - 04/23/2025,N/A
MAT 284,"M103-RECRegular",Fr 8:25AM - 9:20AM,Carnegie 100,L. Wickham,01/17/2025 - 04/25/2025,N/A
MAT 284,"M104-RECRegular",Mo 10:35AM - 11:30AM,Carnegie 110,J. Liao,01/13/2025 - 04/28/2025,N/A
MAT 284,"M105-RECRegular",We 10:35AM - 11:30AM,Carnegie 110,T. Scheuing,01/15/2025 - 04/23/2025,N/A
MAT 284,"M106-RECRegular",Fr 10:35AM - 11:30AM,Carnegie 110,M. Kramer,01/17/2025 - 04/25/2025,N/A
MAT 284,"M107-RECRegular",We 11:40AM - 12:35PM,Carnegie 119,T. Sentagne,01/15/2025 - 04/23/2025,N/A
MAT 284,"M108-RECRegular",Mo 5:15PM - 6:10PM,Carnegie 119,F. Jarrin Acosta,01/13/2025 - 04/28/2025,N/A
MAT 284,"M109-RECRegular",Mo 2:15PM - 3:10PM,Carnegie 115,J. Liao,01/13/2025 - 04/28/2025,N/A
MAT 284,"M111-RECRegular",Fr 11:40AM - 12:35PM,Carnegie 120,M. Djellouli,01/17/2025 - 04/25/2025,N/A
MAT 284,"M112-RECRegular",We 5:15PM - 6:10PM,Carnegie 119,T. Sentagne,01/15/2025 - 04/23/2025,N/A
MAT 284,"M200-SEC Regular",TuTh 9:30AM - 10:50AM,Grant Auditorium,A. Bourhim,01/14/2025 - 04/24/2025,N/A
MAT 284,"M201-RECRegular",We 3:45PM - 4:40PM,Carnegie 100,T. Sentagne,01/15/2025 - 04/23/2025,N/A
MAT 284,"M202-RECRegular",Mo 11:40AM - 12:35PM,Carnegie 110,F. Jarrin Acosta,01/13/2025 - 04/28/2025,N/A
MAT 284,"M203-RECRegular",Fr 11:40AM - 12:35PM,Carnegie 110,T. Scheuing,01/17/2025 - 04/25/2025,N/A
MAT 284,"M204-RECRegular",We 3:45PM - 4:40PM,Carnegie 110,M. Djellouli,01/15/2025 - 04/23/2025,N/A
MAT 284,"M205-RECRegular",Mo 9:30AM - 10:25AM,Carnegie 114,J. Liao,01/13/2025 - 04/28/2025,N/A
MAT 284,"M207-RECRegular",Fr 9:30AM - 10:25AM,Carnegie 114,M. Kramer,01/17/2025 - 04/25/2025,N/A
MAT 284,"M208-RECRegular",Mo 8:25AM - 9:20AM,Carnegie 200,M. Perry,01/13/2025 - 04/28/2025,N/A
MAT 284,"M209-RECRegular",We 8:25AM - 9:20AM,Carnegie 200,M. Perry,01/15/2025 - 04/23/2025,N/A
MAT 284,"M210-RECRegular",We 11:40AM - 12:35PM,Carnegie 110,M. Djellouli,01/15/2025 - 04/23/2025,N/A
MAT 284,"M211-RECRegular",Fr 12:45PM - 1:40PM,Carnegie 200,T. Scheuing,01/17/2025 - 04/25/2025,N/A
MAT 284,"M212-RECRegular",Fr 8:25AM - 9:20AM,Carnegie 120,M. Perry,01/17/2025 - 04/25/2025,N/A
MAT 284,"U001-SEC Regular",TuTh 6:30PM - 8:20PM,Carnegie 115,B. Parthasarathy,01/14/2025 - 04/24/2025,N/A
MAT 285,"M001-SEC Regular",MoWe 12:45PM - 2:05PM,Carnegie 200,S. Traver,01/13/2025 - 04/28/2025,N/A
MAT 285,"M002-SEC Regular",MoWe 2:15PM - 3:35PM,Carnegie 200,R. Maharjan,01/13/2025 - 04/28/2025,N/A
MAT 285,"M003-SEC Regular",TuTh 5:00PM - 6:20PM,Carnegie 200,E. Israel,01/14/2025 - 04/24/2025,N/A
MAT 285,"M004-SEC Regular",MoWe 8:00AM - 9:20AM,Carnegie 114,K. Schmitz,01/13/2025 - 04/28/2025,N/A
MAT 285,"M005-SEC Regular",TuTh 3:30PM - 4:50PM,Carnegie 120,S. Diaz,01/14/2025 - 04/24/2025,N/A
MAT 285,"M006-SEC Regular",TuTh 8:00AM - 9:20AM,Carnegie 114,M. Vance,01/14/2025 - 04/24/2025,N/A
MAT 285,"M007-SEC Regular",MoWeFr 9:30AM - 10:25AM,Lyman Hall 126,J. Beckmann,01/13/2025 - 04/28/2025,N/A
MAT 285,"M008-SEC Regular",MoWe 5:15PM - 6:35PM,Carnegie 219,J. Wei,01/13/2025 - 04/28/2025,N/A
MAT 286,"M001-SEC Regular",TuTh 8:00AM - 9:20AM,Carnegie 219,A. Bourhim,01/14/2025 - 04/24/2025,N/A
MAT 286,"M002-SEC Regular",TuTh 12:30PM - 1:50PM,Carnegie 219,A. Bourhim,01/14/2025 - 04/24/2025,N/A
MAT 286,"M003-SEC Regular",TuTh 3:30PM - 4:50PM,Carnegie 219,A. Bourhim,01/14/2025 - 04/24/2025,N/A
MAT 292,"M001-SEC Regular",Mo 2:15PM - 3:10PM,Carnegie 109,D. Graysay,01/13/2025 - 04/28/2025,N/A
MAT 295,"M003-SEC Regular","TuTh 11:00AM - 12:20PM Fr 12:45PM - 2:05PM","Carnegie 119 Carnegie 110","S. Wehrli C. Monahan","01/14/2025 - 04/24/2025 01/17/2025 - 04/25/2025",N/A
MAT 295,"M004-SEC Regular","TuTh 11:00AM - 12:20PM Fr 12:45PM - 2:05PM","Lyman Hall 126 Carnegie 219","X. Au A. Krause","01/14/2025 - 04/24/2025 01/17/2025 - 04/25/2025",N/A
MAT 295,"M005-SEC Regular","TuTh 12:30PM - 1:50PM Fr 8:00AM - 9:20AM","Lyman Hall 126 Carnegie 219","X. Au A. Krause","01/14/2025 - 04/24/2025 01/17/2025 - 04/25/2025",N/A
MAT 295,"M006-SEC Regular","MoWeFr 10:35AM - 11:30AM Th 8:00AM - 9:20AM","Carnegie 119 Carnegie 100","K. He K. He","01/13/2025 - 04/28/2025 01/16/2025 - 04/24/2025",N/A
MAT 296,"M004-SEC Regular","TuTh 12:30PM - 1:50PM We 2:15PM - 3:35PM","Carnegie 100 Carnegie 115","K. Shaw C. Sato","01/14/2025 - 04/24/2025 01/15/2025 - 04/23/2025",N/A
MAT 296,"M005-SEC Regular","TuTh 2:00PM - 3:20PM We 5:15PM - 6:35PM","Carnegie 100 Carnegie 110","K. Shaw K. Pollicove","01/14/2025 - 04/24/2025 01/15/2025 - 04/23/2025",N/A
MAT 296,"M006-SEC Regular","TuTh 8:00AM - 9:20AM Fr 12:45PM - 2:05PM","Lyman Hall 126 Carnegie 115","J. Ryan K. Pollicove","01/14/2025 - 04/24/2025 01/17/2025 - 04/25/2025",N/A
MAT 296,"M007-SEC Regular","TuTh 9:30AM - 10:50AM Fr 8:00AM - 9:20AM","Lyman Hall 126 Lyman Hall 126","J. Ryan K. Pollicove","01/14/2025 - 04/24/2025 01/17/2025 - 04/25/2025",N/A
MAT 296,"M100-SEC Regular",TuTh 2:00PM - 3:20PM,HB CROUSE GIFFORD,J. Meyer,01/14/2025 - 04/24/2025,N/A
MAT 296,"M105-RECRegular",We 8:00AM - 9:20AM,Lyman Hall 126,K. Pollicove,01/15/2025 - 04/23/2025,N/A
MAT 296,"M106-RECRegular",Fr 8:00AM - 9:20AM,Carnegie 200,J. Komissar,01/17/2025 - 04/25/2025,N/A
MAT 296,"M107-RECRegular",Mo 8:00AM - 9:20AM,Carnegie 120,P. Klingert,01/13/2025 - 04/28/2025,N/A
MAT 296,"M109-RECRegular",We 8:00AM - 9:20AM,Carnegie 120,P. Klingert,01/15/2025 - 04/23/2025,N/A
MAT 296,"U800-SEC Winterlude",TBA,ONLINE ASYNCHRONOUS,J. Meyer,12/18/2024 - 01/10/2025,N/A
MAT 296,"U801-SEC Winterlude",TBA,ONLINE ASYNCHRONOUS,J. Meyer,12/18/2024 - 01/10/2025,N/A
MAT 331,"M001-SEC Regular",TuTh 9:30AM - 10:50AM,Carnegie 119,A. Lutoborski,01/14/2025 - 04/24/2025,N/A
MAT 331,"M002-SEC Regular",TuTh 12:30PM - 1:50PM,Carnegie 200,A. Lutoborski,01/14/2025 - 04/24/2025,N/A
MAT 331,"M003-SEC Regular",TuTh 9:30AM - 10:50AM,Carnegie 219,U. Banerjee,01/14/2025 - 04/24/2025,N/A
MAT 331,"M005-SEC Regular",TuTh 11:00AM - 12:20PM,Carnegie 219,L. Shen,01/14/2025 - 04/24/2025,N/A
MAT 375,"M002-SEC Regular",MoWe 12:45PM - 2:05PM,Carnegie 114,H. Rahmati,01/13/2025 - 04/28/2025,N/A
MAT 375,"M003-SEC Regular",MoWe 2:15PM - 3:35PM,Carnegie 114,H. Rahmati,01/13/2025 - 04/28/2025,N/A
MAT 397,"M002-SEC Regular","MoWe 12:45PM - 2:05PM Th 3:30PM - 4:50PM","Carnegie 122 Carnegie 115","G. Verchota E. Cochran","01/13/2025 - 04/28/2025 01/16/2025 - 04/24/2025",N/A
MAT 397,"M006-SEC Regular","Mo 5:15PM - 6:35PM TuTh 3:30PM - 4:50PM","Carnegie 110 Carnegie 100","E. Cochran I. Pitici","01/13/2025 - 04/28/2025 01/14/2025 - 04/24/2025",N/A
MAT 397,"M007-SEC Regular","Tu 8:00AM - 9:20AM MoWe 12:45PM - 2:05PM","Carnegie 100 Lyman Hall 126","E. Javor S. Du","01/14/2025 - 04/22/2025 01/17/2025 - 04/28/2025",N/A
MAT 397,"M008-SEC Regular","MoWe 3:45PM - 5:05PM Tu 3:30PM - 4:50PM","Carnegie 114 Carnegie 200","S. Du","01/13/2025 - 04/28/2025 01/14/2025 - 04/22/2025",N/A
MAT 412,"M002-SEC Regular",MoWe 12:45PM - 2:05PM,Carnegie 110,Y. Zhao,01/13/2025 - 04/28/2025,N/A
MAT 414,"M002-SEC Regular",TuTh 11:00AM - 12:20PM,Carnegie 114,M. McDermott,01/14/2025 - 04/24/2025,N/A
MAT 422,"M001-SEC Regular",TuTh 9:30AM - 10:50AM,Carnegie 100,T. John,01/14/2025 - 04/24/2025,N/A
MAT 485,"M001-SEC Regular",TuTh 8:00AM - 9:20AM,Carnegie 122,M. Alan,01/14/2025 - 04/24/2025,N/A
MAT 485,"M004-SEC Regular",TuTh 12:30PM - 1:50PM,Carnegie 122,I. Pitici,01/14/2025 - 04/24/2025,N/A
MAT 512,"M001-SEC Regular",TuTh 9:30AM - 10:50AM,Carnegie 110,J. Kyeong,01/14/2025 - 04/24/2025,N/A
MAT 517,"M001-SEC Regular",MoWe 3:45PM - 5:05PM,Carnegie 219,G. Verchota,01/13/2025 - 04/28/2025,N/A
MAT 521,"M001-SEC Regular",TuTh 11:00AM - 12:20PM,Carnegie 100,Y. Yuan,01/14/2025 - 04/24/2025,N/A
MAT 521,"M002-SEC Regular",MoWeFr 10:35AM - 11:30AM,Carnegie 219,D. Quinn,01/13/2025 - 04/28/2025,N/A
MAT 525,"M001-SEC Regular",MoWe 12:45PM - 2:05PM,Carnegie 119,W. Li,01/13/2025 - 04/28/2025,N/A
MAT 526,"M001-SEC Regular",MoWeFr 11:40AM - 12:35PM,Carnegie 219,P. Gaudreau Lamarre,01/13/2025 - 04/28/2025,N/A
MAT 527,"M001-SEC Regular",MoWe 12:45PM - 2:05PM,Carnegie 219,R. Maharjan,01/13/2025 - 04/28/2025,N/A
MAT 531,"M001-SEC Regular",MoWe 12:45PM - 2:05PM,Carnegie 120,J. Graver,01/13/2025 - 04/28/2025,N/A
MAT 531,"M002-SEC Regular",TuTh 12:30PM - 1:50PM,Carnegie 119,S. Wehrli,01/14/2025 - 04/24/2025,N/A
MAT 532,"M001-SEC Regular",TuTh 2:00PM - 3:20PM,Carnegie 219,M. McDermott,01/14/2025 - 04/24/2025,N/A
MAT 534,"M001-SEC Regular",TuTh 12:30PM - 1:50PM,Carnegie 120,S. Diaz,01/14/2025 - 04/24/2025,N/A
MAT 541,"M001-SEC Regular",TuTh 9:30AM - 10:50AM,Carnegie 200,J. Meyer,01/14/2025 - 04/24/2025,N/A
MAT 551,"M001-SEC Regular",TuTh 11:00AM - 12:20PM,Carnegie 120,J. Graver,01/14/2025 - 04/24/2025,N/A
MAT 581,"M001-SEC Regular",MoWeFr 9:30AM - 10:25AM,Carnegie 124,L. Kovalev,01/13/2025 - 04/28/2025,N/A
MAT 598,"M001-SEC Regular",TuTh 12:30PM - 1:50PM,Carnegie 110,J. Liu,01/14/2025 - 04/24/2025,N/A
MAT 599,"M001-SEC Regular",TuTh 3:30PM - 4:50PM,Carnegie 119,H. Rahmati,01/14/2025 - 04/24/2025,N/A
MAT 602,"M001-SEC Regular",TuTh 9:30AM - 10:50AM,Carnegie 109,J. Onninen,01/14/2025 - 04/24/2025,N/A
MAT 632,"M001-SEC Regular",MoWeFr 9:30AM - 10:25AM,Carnegie 219,D. Quinn,01/13/2025 - 04/28/2025,N/A
MAT 645,"M001-SEC Regular",TuTh 11:00AM - 12:20PM,Carnegie 115,L. Kennard,01/14/2025 - 04/24/2025,N/A
MAT 652,"M001-SEC Regular",MoWe 3:45PM - 5:05PM,Carnegie 200,P. Chen,01/13/2025 - 04/28/2025,N/A
MAT 682,"M001-SEC Regular",TuTh 2:00PM - 3:20PM,Carnegie 200,L. Shen,01/14/2025 - 04/24/2025,N/A
MAT 702,"M001-SEC Regular",MoWeFr 11:40AM - 12:35PM,Carnegie 115,L. Kovalev,01/13/2025 - 04/28/2025,N/A
MAT 712,"M001-SEC Regular",TuTh 12:30PM - 1:50PM,Carnegie 109,Y. Yuan,01/14/2025 - 04/24/2025,N/A
MAT 732,"M001-SEC Regular",MoWe 3:45PM - 5:05PM,Carnegie 109,J. Pollitz,01/13/2025 - 04/28/2025,N/A
MAT 750,"M001-SEC Regular",MoWe 2:15PM - 3:35PM,Carnegie 219,T. John,01/13/2025 - 04/28/2025,N/A
MAT 755,"M001-SEC Regular",TuTh 2:00PM - 3:20PM,Carnegie 120,J. Liu,01/14/2025 - 04/24/2025,N/A
MAT 761,"M001-SEC Regular",TuTh 2:00PM - 3:20PM,Carnegie 110,L. Kennard,01/14/2025 - 04/24/2025,N/A
MAT 771,"M001-SEC Regular",MoWe 12:45PM - 2:05PM,Carnegie 100,W. Wylie,01/13/2025 - 04/28/2025,N/A
MAT 800,"M001-SEC Regular",MoWe 2:15PM - 3:35PM,Carnegie 100,Y. Zhao,01/13/2025 - 04/28/2025,N/A
MAT 999,"M001-SEC Regular",TBA,TBA,Staff,01/13/2025 - 04/28/2025,N/A
MAE 251,"M001-SEC Regular",TuTh 2:00PM - 3:20PM,Sims Hall 331,S. Maroo,01/14/2025 - 04/24/2025,N/A
MAE 251,"M002-RECRegular",We 8:25AM - 9:20AM,Link Hall 058,M. Erdman,01/15/2025 - 04/23/2025,N/A
MAE 251,"M003-RECRegular",Th 9:30AM - 10:25AM,Life Science Building 215,M. Erdman,01/16/2025 - 04/24/2025,N/A
MAE 251,"M004-RECRegular",We 11:40AM - 12:35PM,Sims Hall 241,M. Erdman,01/15/2025 - 04/23/2025,N/A
MAE 251,"M005-RECRegular",Th 5:00PM - 5:55PM,Link Hall 200,S. Maroo,01/16/2025 - 04/24/2025,N/A
MAE 251,"M006-RECRegular",Tu 5:00PM - 5:55PM,Link Hall 200,S. Maroo,01/14/2025 - 04/22/2025,N/A
MAE 251,"M007-SEC Regular",TuTh 3:30PM - 4:50PM,Lyman Hall 132,M. Erdman,01/14/2025 - 04/24/2025,N/A
MAE 284,"M001-SEC Regular",TuTh 12:30PM - 1:50PM,Hall of Languages 107,J. Anderson,01/14/2025 - 04/24/2025,N/A
MAE 284,"M005-LAB Regular",Th 9:30AM - 10:25AM,Link Hall 202,J. Anderson,01/16/2025 - 04/24/2025,N/A
MAE 284,"M006-LAB Regular",We 8:25AM - 9:20AM,Link Hall 274,J. Anderson,01/15/2025 - 04/23/2025,N/A
MAE 321,"M001-SEC Regular",MoWe 12:45PM - 2:05PM,HB CROUSE KITTREDGE,Z. Gan,01/13/2025 - 04/28/2025,N/A
MAE 321,"M003-RECRegular",Th 5:00PM - 5:55PM,Link Hall 373,D. Carnegie,01/16/2025 - 04/24/2025,N/A
MAE 321,"M004-RECRegular",Fr 12:45PM - 1:40PM,Link Hall 373,D. Carnegie,01/17/2025 - 04/25/2025,N/A
MAE 321,"M005-RECRegular",Tu 11:00AM - 11:55AM,Link Hall 373,Z. Gan,01/14/2025 - 04/22/2025,N/A
MAE 321,"M006-SEC Regular",MoWe 12:45PM - 2:05PM,School of Management 204,D. Carnegie,01/13/2025 - 04/28/2025,N/A
MAE 322,"M001-SEC Regular",TuTh 3:30PM - 4:50PM,MARLEY ROOM 216,B. Dong,01/14/2025 - 04/24/2025,N/A
MAE 322,"M002-RECRegular",Mo 10:35AM - 11:30AM,Hall of Languages 205,B. Dong,01/13/2025 - 04/28/2025,N/A
MAE 322,"M003-RECRegular",Mo 2:15PM - 3:10PM,Smith Hall 337,B. Dong,01/13/2025 - 04/28/2025,N/A
MAE 322,"M004-RECRegular",Fr 10:35AM - 11:30AM,Link Hall 200,V. Duenas,01/17/2025 - 04/25/2025,N/A
MAE 355,"M001-SEC Regular","TuTh 2:00PM - 3:20PM We 11:40AM - 12:35PM","Link Hall room 160 Link Hall room 160","I. Shapiro I. Shapiro","01/14/2025 - 04/24/2025  01/15/2025 - 04/23/2025",N/A
MAE 355,"M002-RECRegular",Fr 9:30AM - 10:25AM,Link Hall 369,I. Shapiro,01/17/2025 - 04/25/2025,N/A
MAE 355,"M003-RECRegular",Th 12:30PM - 1:25PM,Link Hall 246,I. Shapiro,01/16/2025 - 04/24/2025,N/A
MAE 355,"M004-RECRegular",Th 11:00AM - 11:55AM,Link Hall 246,I. Shapiro,01/16/2025 - 04/24/2025,N/A
MAE 500,"M002-SEC Regular",MoWeFr 11:40AM - 12:35PM,Sims Hall 331,D. Carnegie,01/13/2025 - 04/28/2025,N/A
MAE 530,"M001-SEC Regular",MoWe 3:45PM - 5:05PM,SCITC3-212,X. Liu,01/13/2025 - 04/28/2025,N/A
MAE 548,"M001-SEC Regular",TuTh 9:30AM - 10:50AM,MARLEY ROOM 219,J. Anderson,01/14/2025 - 04/24/2025,N/A
MAE 571,"M001-SEC Regular",TuTh 5:00PM - 6:20PM,HB CROUSE KITTREDGE,M. Sarimurat,01/14/2025 - 04/24/2025,N/A
MAE 585,"M001-SEC Regular",MoWe 2:15PM - 3:35PM,Sims Hall 241,M. Erdman,01/13/2025 - 04/28/2025,N/A
MAE 600,"M001-SEC Regular",TuTh 12:30PM - 1:50PM,Link Hall 373,Q. Qiao,01/14/2025 - 04/24/2025,N/A
MAE 600,"M002-SEC Regular",MoWe 5:15PM - 6:35PM,Hall of Languages 205,L. Lao,01/13/2025 - 04/28/2025,N/A
MAE 600,"M800-SEC Regular","TBA Tu 8:30PM - 10:00PM","ONLINE ASYNCHRONOUS ONLINE SYNCHRONOUS","A. Benner A. Benner","01/13/2025 - 04/28/2025 01/14/2025 - 04/22/2025",N/A
MAE 600,"M801-SEC Regular","TBA We 8:30PM - 10:00PM","ONLINE ASYNCHRONOUS ONLINE SYNCHRONOUS","J. Anderson J. Anderson","01/13/2025 - 04/28/2025 01/15/2025 - 04/23/2025",N/A
MAE 651,"M001-SEC Regular",TuTh 5:00PM - 6:20PM,LYMAN HALL 115A,B. Akih Kumgeh,01/14/2025 - 04/24/2025,N/A
MAE 741,"M001-SEC Regular",TuTh 12:30PM - 1:50PM,SCITC3-212,K. Laurent,01/14/2025 - 04/24/2025,N/A
MAE 994,"M001-SEC Regular",TBA,TBA,J. Ahn,01/13/2025 - 04/28/2025,N/A
MAE 994,"M002-SEC Regular",TBA,TBA,J. Anderson,01/13/2025 - 04/28/2025,N/A
MAE 995,"M001-SEC Regular",Fr 12:45PM - 2:05PM,Hall of Languages 207,W. Shan,01/17/2025 - 04/25/2025,N/A
MAE 995,"M002-SEC Regular",Fr 2:15PM - 3:35PM,LINK HALL 237,W. Shan,01/17/2025 - 04/25/2025,N/A
ELE 231,"M001-SEC Regular",TuTh 3:30PM - 4:50PM,Life Science Building 105,M. Hasanovic,01/14/2025 - 04/24/2025,N/A
ELE 231,"M002-RECRegular",Tu 11:00AM - 11:55AM,FALK ROOM 201,M. Hasanovic,01/14/2025 - 04/22/2025,N/A
ELE 251,"M001-SEC Regular",TuTh 9:30AM - 10:50AM,SCITC3-211,Y. Cao,01/14/2025 - 04/24/2025,N/A
ELE 292,"M001-SEC Regular",We 3:45PM - 6:30PM,SCITC3-211,Y. Cao,01/15/2025 - 04/23/2025,N/A
ELE 333,"M001-SEC Regular",TuTh 12:30PM - 1:50PM,Lyman Hall 115B,M. Hasanovic,01/14/2025 - 04/24/2025,N/A
ELE 352,"M002-SEC Regular",MoWe 12:45PM - 2:05PM,SCITC 4-206K,B. Chen,01/13/2025 - 04/28/2025,N/A
ELE 354,"M001-SEC Regular",MoWe 3:45PM - 5:05PM,Science & Tech Ctr 3-216,M. Gursoy,01/13/2025 - 04/28/2025,N/A
ELE 392,"M001-SEC Regular",TuTh 2:00PM - 4:50PM,Science & Tech Ctr 3-217,J. Graham,01/14/2025 - 04/24/2025,N/A
ELE 400,"M002-SEC Regular",TuTh 5:00PM - 6:20PM,SCITC3-212,Y. Radi,01/14/2025 - 04/24/2025,N/A
ELE 400,"M003-SEC Regular",TuTh 6:30PM - 7:50PM,SCITC3-212,Y. Radi,01/14/2025 - 04/24/2025,N/A
ELE 492,"M001-SEC Regular",TuTh 11:00AM - 12:20PM,SCITC3-211,J. Graham,01/14/2025 - 04/24/2025,N/A
ELE 591,"M001-SEC Regular",TuTh 3:30PM - 4:50PM,Life Science Building 214,P. Ghosh,01/14/2025 - 04/24/2025,N/A
ELE 614,"M001-SEC Regular",MoWe 2:15PM - 3:35PM,Life Science Building 156,S. Eftekharnejad,01/13/2025 - 04/28/2025,N/A
ELE 635,"M001-SEC Regular",TuTh 11:00AM - 12:20PM,SCITC3-212,P. Ghosh,01/14/2025 - 04/24/2025,N/A
ELE 651,"M001-SEC Regular",MoWe 5:15PM - 6:35PM,Science & Tech Ctr 3-216,M. Gursoy,01/13/2025 - 04/28/2025,N/A
ELE 667,"M001-SEC Regular",TuTh 9:30AM - 10:50AM,Hall of Languages 205,E. Ercanli,01/14/2025 - 04/24/2025,N/A
ELE 691,"M001-SEC Regular",TuTh 2:00PM - 3:20PM,Hall of Languages 114,C. Isik,01/14/2025 - 04/24/2025,N/A
ELE 691,"M002-SEC Regular",TuTh 5:00PM - 6:20PM,SCITC3-212,Y. Radi,01/14/2025 - 04/24/2025,N/A
ELE 691,"M003-SEC Regular",TuTh 6:30PM - 7:50PM,SCITC3-212,Y. Radi,01/14/2025 - 04/24/2025,N/A
ELE 703,"M001-SEC Regular",MoWe 12:45PM - 2:05PM,Huntington Hall 106,M. Fardad,01/13/2025 - 04/28/2025,N/A
ELE 791,"M001-SEC Regular",MoWe 2:15PM - 3:35PM,SCITC 4-206,R. Kuate Defo,01/13/2025 - 04/28/2025,N/A
ELE 791,"M002-SEC Regular",TuTh 2:00PM - 3:20PM,SCITC 4-206,P. Jha,01/14/2025 - 04/24/2025,N/A
ELE 791,"M003-SEC Regular",We 9:30AM - 12:15PM,SCITC 4-206,P. Varshney,01/15/2025 - 04/23/2025,N/A
GEO 103,"M001-SEC Regular",MoWe 10:35AM - 11:30AM,Slocum Hall 214,T. Perreault,01/13/2025 - 04/28/2025,N/A
GEO 103,"M003-DISRegular",Fr 10:35AM - 11:30AM,Eggers Hall 070,Staff,01/17/2025 - 04/25/2025,N/A
GEO 103,"M004-DISRegular",Fr 12:45PM - 1:40PM,Maxwell Hall 108,Staff,01/17/2025 - 04/25/2025,N/A
GEO 103,"M005-DISRegular",Fr 10:35AM - 11:30AM,Hall of Languages 202,Staff,01/17/2025 - 04/25/2025,N/A
GEO 103,"M006-DISRegular",Fr 9:30AM - 10:25AM,Maxwell Hall 110,Staff,01/17/2025 - 04/25/2025,N/A
GEO 103,"M007-DISRegular",Fr 12:45PM - 1:40PM,HB CROUSE 209 located on quad,Staff,01/17/2025 - 04/25/2025,N/A
GEO 103,"U001-SEC Regular",Tu 5:00PM - 7:45PM,Eggers Hall 070,B. Hennigan,01/14/2025 - 04/22/2025,N/A
GEO 108,"M001-SEC Regular",MoWe 12:45PM - 1:40PM,School of Management 104,J. Read,01/13/2025 - 04/28/2025,N/A
GEO 108,"M002-DISRegular",Th 9:30AM - 10:25AM,Lyman Hall 219,Staff,01/16/2025 - 04/24/2025,N/A
GEO 108,"M003-DISRegular",Th 2:00PM - 2:55PM,Lyman Hall 219,Staff,01/16/2025 - 04/24/2025,N/A
GEO 108,"M004-DISRegular",Th 6:30PM - 7:25PM,Lyman Hall 219,Staff,01/16/2025 - 04/24/2025,N/A
GEO 155,"U700-SEC Eight Wk 1","TBA We 8:00PM - 9:30PM","ONLINE ASYNCHRONOUS ONLINE SYNCHRONOUS","D. Petitt D. Petitt","01/13/2025 - 03/06/2025 01/15/2025 - 03/05/2025",N/A
GEO 171,"M001-SEC Regular",MoWe 9:30AM - 10:25AM,Slocum Hall 214,T. Hammond,01/13/2025 - 04/28/2025,N/A
GEO 171,"M002-DISRegular",Fr 12:45PM - 1:40PM,Eggers Hall 070,Staff,01/17/2025 - 04/25/2025,N/A
GEO 171,"M006-DISRegular",Fr 10:35AM - 11:30AM,Maxwell Hall 108,Staff,01/17/2025 - 04/25/2025,N/A
GEO 171,"U001-SEC Regular",Mo 5:15PM - 8:00PM,Hall of Languages 102,B. Hennigan,01/13/2025 - 04/28/2025,N/A
GEO 273,"M001-SEC Regular",MoWe 11:40AM - 12:35PM,FALK ROOM 175,M. Huber,01/13/2025 - 04/28/2025,N/A
GEO 273,"M003-DISRegular",Fr 10:35AM - 11:30AM,Heroy Geology Building 113,Staff,01/17/2025 - 04/25/2025,N/A
GEO 300,"M001-SEC Regular",TuTh 2:00PM - 3:20PM,Maxwell Hall 110,K. Offen,01/14/2025 - 04/24/2025,N/A
GEO 300,"M002-SEC Regular",TuTh 3:30PM - 4:50PM,Physics Building 104N,A. Mosher,01/14/2025 - 04/24/2025,N/A
GEO 300,"M004-SEC Regular",MoWe 2:15PM - 3:35PM,Lyman Hall 219,X. Yang,01/13/2025 - 04/28/2025,N/A
GEO 316,"U700-SEC Eight Wk 2","TBA We 8:00PM - 9:30PM","ONLINE ASYNCHRONOUS ONLINE SYNCHRONOUS","D. Petitt D. Petitt","03/10/2025 - 05/01/2025 03/12/2025 - 04/30/2025",N/A
GEO 321,"M001-SEC Regular",MoWe 12:45PM - 2:05PM,Eggers Hall 111,T. Perreault,01/13/2025 - 04/28/2025,N/A
GEO 331,"M001-SEC Regular",TuTh 9:30AM - 10:50AM,School of Management 013,T. Rutherford,01/14/2025 - 04/24/2025,N/A
GEO 336,"M001-SEC Regular",TuTh 11:00AM - 12:20PM,Maxwell Hall 111,F. Sultana,01/14/2025 - 04/24/2025,N/A
GEO 356,"M001-SEC Regular",MoWe 3:45PM - 5:05PM,Hall of Languages 211,A. Vlasak,01/13/2025 - 04/28/2025,N/A
GEO 358,"M001-SEC Regular",TuTh 2:00PM - 3:20PM,Shaffer Art Building 205,R. Wilson,01/14/2025 - 04/24/2025,N/A
GEO 364,"M001-SEC Regular",MoWe 3:45PM - 5:05PM,Bowne Hall 105,A. Ortega,01/13/2025 - 04/28/2025,N/A
GEO 383,"M001-SEC Regular",MoWe 9:30AM - 10:25AM,Eggers Hall 018,P. Gao,01/13/2025 - 04/28/2025,N/A
GEO 383,"M002-LAB Regular",Fr 10:35AM - 12:35PM,Lyman Hall 219,P. Gao,01/17/2025 - 04/25/2025,N/A
GEO 383,"M003-LAB Regular",Fr 12:45PM - 2:45PM,Lyman Hall 219,P. Gao,01/17/2025 - 04/25/2025,N/A
GEO 396,"M001-SEC Regular",TuTh 6:30PM - 7:50PM,MARLEY ROOM 216,D. Morgan,01/14/2025 - 04/24/2025,N/A
GEO 400,"M002-SEC Regular",TuTh 12:30PM - 1:50PM,Lyman Hall 219,J. Robinson,01/14/2025 - 04/24/2025,N/A
GEO 400,"M003-SEC Regular",MoWe 3:45PM - 5:05PM,Lyman Hall 219,X. Yang,01/13/2025 - 04/28/2025,N/A
GEO 415,"M001-SEC Regular",TuTh 9:30AM - 10:50AM,Bowne Hall 116,L. Minkoff-Zern,01/14/2025 - 04/24/2025,N/A
GEO 426,"M001-SEC Regular",TuTh 11:00AM - 12:20PM,Eggers Hall 155,E. Coffel,01/14/2025 - 04/24/2025,N/A
GEO 564,"M001-SEC Regular",TuTh 12:30PM - 1:50PM,HB CROUSE 306 located on quad,A. Mosher,01/14/2025 - 04/24/2025,N/A
GEO 600,"M002-SEC Regular",TuTh 12:30PM - 1:50PM,Lyman Hall 219,J. Robinson,01/14/2025 - 04/24/2025,N/A
GEO 600,"M003-SEC Regular",MoWe 3:45PM - 5:05PM,Lyman Hall 219,X. Yang,01/13/2025 - 04/28/2025,N/A
GEO 600,"M004-SEC Regular",MoWe 2:15PM - 3:35PM,Lyman Hall 219,X. Yang,01/13/2025 - 04/28/2025,N/A
GEO 602,"M001-SEC Regular",Tu 2:00PM - 4:45PM,Eggers Hall 155,F. Sultana,01/14/2025 - 04/22/2025,N/A
GEO 683,"M001-SEC Regular",MoWe 9:30AM - 10:25AM,Eggers Hall 018,P. Gao,01/13/2025 - 04/28/2025,N/A
GEO 683,"M002-LAB Regular",Fr 10:35AM - 12:35PM,Lyman Hall 219,P. Gao,01/17/2025 - 04/25/2025,N/A
GEO 683,"M003-LAB Regular",Fr 12:45PM - 2:45PM,Lyman Hall 219,P. Gao,01/17/2025 - 04/25/2025,N/A
GEO 683,"M004-LAB Regular",Th 3:30PM - 5:30PM,Lyman Hall 219,Staff,01/16/2025 - 04/24/2025,N/A
GEO 700,"M002-SEC Regular",Mo 5:15PM - 8:00PM,Eggers Hall 155,A. Ortega,01/13/2025 - 04/28/2025,N/A
GEO 756,"M001-SEC Regular",Tu 5:00PM - 7:45PM,Eggers Hall 155,T. Rutherford,01/14/2025 - 04/22/2025,N/A
GEO 815,"M001-SEC Regular",We 2:15PM - 5:00PM,Eggers Hall 155,T. Hammond,01/15/2025 - 04/23/2025,N/A
GEO 997,"M001-SEC Regular",TBA,TBA,Staff,01/13/2025 - 04/28/2025,N/A
GEO 999,"M001-SEC Regular",TBA,TBA,Staff,01/13/2025 - 04/28/2025,N/A
ECN 101,"M002-LAB Regular",Th 3:30PM - 4:25PM,Eggers Hall 070,M. Mazrooie,01/16/2025 - 04/24/2025,N/A
ECN 101,"U801-SEC Winterlude",TBA,ONLINE ASYNCHRONOUS,C. Liu,12/18/2024 - 01/10/2025,N/A
ECN 102,"M005-SEC Regular",TuTh 3:30PM - 4:50PM,Watson Theater,M. Lorenzo,01/14/2025 - 04/24/2025,N/A
ECN 102,"M006-LAB Regular",Mo 9:30AM - 10:25AM,Eggers Hall 070,S. Brancato,01/13/2025 - 04/28/2025,N/A
ECN 102,"M009-SEC Regular",TuTh 5:00PM - 6:20PM,HB CROUSE GIFFORD,D. Laing,01/14/2025 - 04/24/2025,N/A
ECN 102,"M011-SEC Regular",TuTh 11:00AM - 12:20PM,Watson Theater,M. Lorenzo,01/14/2025 - 04/24/2025,N/A
ECN 102,"M012-SEC Regular",MoWe 12:45PM - 2:05PM,Shemin Auditorium Aud,A. Jonelis,01/13/2025 - 04/28/2025,N/A
ECN 102,"M013-SEC Regular",MoWe 3:45PM - 5:05PM,Maxwell Hall Aud,A. Jonelis,01/13/2025 - 04/28/2025,N/A
ECN 102,"M017-SEC Regular",MoWe 12:45PM - 2:05PM,Shemin Auditorium Aud,A. Jonelis,01/13/2025 - 04/28/2025,N/A
ECN 102,"M018-LAB Regular",Tu 5:00PM - 5:55PM,Hall of Languages 215,D. Solis,01/14/2025 - 04/22/2025,N/A
ECN 102,"M019-LAB Regular",Th 5:00PM - 5:55PM,Eggers Hall 070,Y. Lin,01/16/2025 - 04/24/2025,N/A
ECN 102,"M020-SEC Regular",MoWe 3:45PM - 5:05PM,Maxwell Hall Aud,A. Jonelis,01/13/2025 - 04/28/2025,N/A
ECN 102,"M021-LAB Regular",Tu 3:30PM - 4:50PM,Eggers Hall 070,D. Solis,01/14/2025 - 04/22/2025,N/A
ECN 102,"M022-LAB Regular",Fr 3:45PM - 5:05PM,Eggers Hall 018,Y. Lin,01/17/2025 - 04/25/2025,N/A
ECN 102,"U700-SEC Eight Wk 2","TBA We 6:30PM - 8:00PM","ONLINE ASYNCHRONOUS ONLINE SYNCHRONOUS","A. Jonelis A. Jonelis","03/10/2025 - 05/01/2025 03/12/2025 - 04/30/2025",N/A
ECN 301,"M001-SEC Regular",TuTh 9:30AM - 10:50AM,Eggers Hall 032,I. O'Connor,01/14/2025 - 04/24/2025,N/A
ECN 301,"M002-SEC Regular",TuTh 11:00AM - 12:20PM,HB CROUSE KITTREDGE,I. O'Connor,01/14/2025 - 04/24/2025,N/A
ECN 301,"M003-SEC Regular",TuTh 12:30PM - 1:50PM,HB CROUSE KITTREDGE,I. O'Connor,01/14/2025 - 04/24/2025,N/A
ECN 304,"M001-SEC Regular",TuTh 2:00PM - 3:20PM,Hall of Languages 214,C. Liu,01/14/2025 - 04/24/2025,N/A
ECN 305,"U801-SEC Winterlude",TBA,ONLINE ASYNCHRONOUS,D. Dutkowsky,12/18/2024 - 01/10/2025,N/A
ECN 305,"U803-SEC Winterlude",TBA,ONLINE ASYNCHRONOUS,D. Dutkowsky,12/18/2024 - 01/10/2025,N/A
ECN 310,"M003-SEC Regular",MoWe 2:15PM - 3:35PM,Hall of Languages 214,B. Kingma,01/13/2025 - 04/28/2025,N/A
ECN 310,"M004-SEC Regular",TuTh 3:30PM - 4:50PM,Hall of Languages 207,A. Jonelis,01/14/2025 - 04/24/2025,N/A
ECN 310,"M006-SEC Regular",TuTh 2:00PM - 3:20PM,Maxwell Hall 108,M. Ali,01/14/2025 - 04/24/2025,N/A
ECN 310,"M007-SEC Regular",WeFr 8:00AM - 9:20AM,HB CROUSE 209 located on quad,P. Cappers,01/15/2025 - 04/25/2025,N/A
ECN 367,"M001-SEC Regular",TuTh 9:30AM - 10:50AM,Hall of Languages 214,R. Monarch,01/14/2025 - 04/24/2025,N/A
ECN 410,"M001-SEC Regular",TuTh 11:00AM - 12:20PM,Sims Hall 331,C. Liu,01/14/2025 - 04/24/2025,N/A
ECN 410,"M002-SEC Regular",TuTh 12:30PM - 1:50PM,MARLEY ROOM 219,J. Kubik,01/14/2025 - 04/24/2025,N/A
ECN 410,"M005-SEC Regular",TuTh 3:30PM - 4:50PM,Hall of Languages 105,T. Pearson,01/14/2025 - 04/24/2025,N/A
ECN 422,"M001-SEC Regular",MoWe 2:15PM - 3:35PM,Eggers Hall 010,B. Walia,01/13/2025 - 04/28/2025,N/A
ECN 431,"M001-SEC Regular",TuTh 3:30PM - 4:50PM,Newhouse 3 251,J. Kubik,01/14/2025 - 04/24/2025,N/A
ECN 481,"U801-SEC Winterlude",TBA,ONLINE ASYNCHRONOUS,D. Dutkowsky,12/18/2024 - 01/10/2025,N/A
ECN 481,"U803-SEC Winterlude",TBA,ONLINE ASYNCHRONOUS,D. Dutkowsky,12/18/2024 - 01/10/2025,N/A
ECN 496,"M001-SEC Regular",MoWe 3:45PM - 5:05PM,Eggers Hall 040,P. Singleton,01/13/2025 - 04/28/2025,N/A
ECN 505,"M001-SEC Regular",MoWe 3:45PM - 5:05PM,Hall of Languages 207,A. Tobias,01/13/2025 - 04/28/2025,N/A
ECN 521,"M002-SEC Regular",MoWe 5:15PM - 6:35PM,Eggers Hall 010,H. Borges Jales,01/13/2025 - 04/28/2025,N/A
ECN 522,"M001-SEC Regular",TuTh 2:00PM - 3:20PM,Lyman Hall 132,J. Shu,01/14/2025 - 04/24/2025,N/A
ECN 602,"M001-SEC Regular",TuTh 2:00PM - 3:20PM,Eggers Hall 112,D. Laing,01/14/2025 - 04/24/2025,N/A
ECN 610,"M001-SEC Regular",MoWe 2:15PM - 3:35PM,TOLLEY110,M. Deza,01/13/2025 - 04/28/2025,N/A
ECN 612,"M001-SEC Regular",MoWe 12:45PM - 2:05PM,Eggers Hall 012,A. Tobias,01/13/2025 - 04/28/2025,N/A
ECN 622,"M001-SEC Regular",Th 12:30PM - 3:15PM,Eggers Hall 018,Y. Lee,01/16/2025 - 04/24/2025,N/A
ECN 623,"M001-SEC Regular",MoWe 3:45PM - 5:05PM,HB CROUSE 209 located on quad,H. Borges Jales,01/13/2025 - 04/28/2025,N/A
ECN 635,"M001-SEC Regular",MoWe 12:45PM - 2:05PM,Maxwell Hall 111,Y. Hou,01/13/2025 - 04/28/2025,N/A
ECN 661,"M002-SEC Regular",TuTh 12:30PM - 1:50PM,Eggers Hall 113,J. McPeak,01/14/2025 - 04/24/2025,N/A
ECN 732,"M001-SEC Regular",Tu 3:30PM - 6:15PM,Eggers Hall 112,P. Singleton,01/14/2025 - 04/22/2025,N/A
ECN 745,"M001-SEC Regular",TuTh 2:00PM - 3:20PM,Shaffer Art Building 221D,A. Rothenberg,01/14/2025 - 04/24/2025,N/A
ECN 752,"M001-SEC Regular",TuTh 12:30PM - 1:50PM,Newhouse 2 355,T. Pearson,01/14/2025 - 04/24/2025,N/A
ECN 777,"M001-SEC Regular",MoWe 3:45PM - 5:05PM,Maxwell Hall 110,D. Popp,01/13/2025 - 04/28/2025,N/A
ECN 865,"M001-SEC Regular",TuTh 11:00AM - 12:20PM,Eggers Hall 112,S. Khan,01/14/2025 - 04/24/2025,N/A
ECN 999,"M001-SEC Regular",TBA,TBA,Staff,01/13/2025 - 04/28/2025,N/A
MEE 332,"M001-SEC Regular","TuTh 9:30AM - 10:50AM Fr 2:15PM - 3:35PM","Link Hall room 160 Lyman Hall 132","A. Shen A. Shen","01/14/2025 - 04/24/2025 01/17/2025 - 04/25/2025",N/A
MEE 472,"M001-SEC Regular","TuTh 11:00AM - 12:20PM Fr 12:45PM - 1:40PM","Link Hall room 160 Link Hall 043","A. Deyhim E. Bogucz","01/14/2025 - 04/24/2025 01/17/2025 - 04/25/2025",N/A
AEE 342,"M001-SEC Regular","Mo 9:30AM - 11:35AM We 9:30AM - 11:35AM","Link Hall 369 Link Hall 369","F. Zigunov F. Zigunov","01/13/2025 - 04/28/2025 01/15/2025 - 04/23/2025",N/A
AEE 343,"M001-SEC Regular",TuTh 9:30AM - 10:50AM,Life Science Building 011,Y. Sun,01/14/2025 - 04/24/2025,N/A
AEE 343,"M002-LAB Regular",Fr 10:35AM - 12:35PM,Link Hall 0019,Y. Sun,01/17/2025 - 04/25/2025,N/A
AEE 343,"M003-LAB Regular",We 2:15PM - 4:15PM,Link Hall 0019,Y. Sun,01/15/2025 - 04/23/2025,N/A
AEE 343,"M007-LAB Regular",Th 5:00PM - 7:00PM,Link Hall 0019,Y. Sun,01/16/2025 - 04/24/2025,N/A
AEE 471,"M001-SEC Regular","TuTh 2:00PM - 3:20PM We 5:15PM - 6:10PM","Link Hall 369 Link Hall 369","Y. Wang Y. Wang","01/14/2025 - 04/24/2025 01/15/2025 - 04/23/2025",N/A
AEE 472,"M001-SEC Regular",TuTh 9:30AM - 10:50AM,MARLEY ROOM 221,M. Sarimurat,01/14/2025 - 04/24/2025,N/A
AEE 472,"M002-RECRegular",Th 8:00AM - 9:20AM,MARLEY ROOM 221,M. Sarimurat,01/16/2025 - 04/24/2025,N/A
AEE 527,"M001-SEC Regular",MoWe 3:45PM - 5:05PM,Link Hall 373,K. Martinez Soto,01/13/2025 - 04/28/2025,N/A
AEE 542,"M001-SEC Regular",TuTh 2:00PM - 3:20PM,Hall of Languages 211,B. Akih Kumgeh,01/14/2025 - 04/24/2025,N/A
CEE 198,"M001-SEC Regular",MoWe 3:45PM - 5:05PM,Slocum Hall 214,E. Wing,01/13/2025 - 04/28/2025,N/A
CEE 274,"M001-SEC Regular",MoWe 2:15PM - 3:35PM,Link Hall 369,R. Aboutaha,01/13/2025 - 04/28/2025,N/A
CEE 274,"M002-RECRegular",Tu 5:00PM - 5:55PM,Hall of Languages 202,R. Aboutaha,01/14/2025 - 04/22/2025,N/A
CEE 275,"M001-SEC Regular",TuTh 9:30AM - 10:50AM,Link Hall 152,C. Johnson,01/14/2025 - 04/24/2025,N/A
CEE 325,"M001-SEC Regular",TuTh 3:30PM - 4:50PM,Link Hall 369,Z. Qin,01/14/2025 - 04/24/2025,N/A
CEE 325,"M002-RECRegular",Tu 9:30AM - 10:25AM,Link Hall 274,Z. Qin,01/14/2025 - 04/22/2025,N/A
CEE 325,"M004-RECRegular",Th 12:30PM - 1:25PM,Link Hall 274,Z. Qin,01/16/2025 - 04/24/2025,N/A
CEE 329,"M001-SEC Regular",TuTh 12:30PM - 1:50PM,Link Hall 369,C. Johnson,01/14/2025 - 04/24/2025,N/A
CEE 329,"M003-LAB Regular",Tu 3:30PM - 4:50PM,Link Hall 274,C. Johnson,01/14/2025 - 04/22/2025,N/A
CEE 329,"M004-LAB Regular",Th 2:00PM - 3:20PM,Link Hall 274,C. Johnson,01/16/2025 - 04/24/2025,N/A
CEE 332,"M001-SEC Regular",MoWe 3:45PM - 5:05PM,Link Hall 369,R. Aboutaha,01/13/2025 - 04/28/2025,N/A
CEE 332,"M003-RECRegular",Th 3:30PM - 4:50PM,Link Hall 331,R. Aboutaha,01/16/2025 - 04/24/2025,N/A
CEE 338,"M001-SEC Regular","TuTh 9:30AM - 10:50AM TuTh 9:30AM - 10:50AM","Link Hall 369 SCITC 3-116","D. Negussey D. Negussey","01/14/2025 - 04/24/2025 01/14/2025 - 04/24/2025",N/A
CEE 352,"M001-SEC Regular",TuTh 11:00AM - 12:20PM,Link Hall 369,E. Carter,01/14/2025 - 04/24/2025,N/A
CEE 352,"M002-LAB Regular","Mo 12:45PM - 2:05PM Mo 12:45PM - 2:05PM","Link Hall 011 Link Hall 152","E. Carter E. Carter","01/13/2025 - 04/28/2025 01/13/2025 - 04/28/2025",N/A
CEE 352,"M003-LAB Regular","Mo 10:35AM - 11:55AM Mo 10:35AM - 11:55AM","Link Hall 152 Link Hall 202","E. Carter E. Carter","01/13/2025 - 04/28/2025 01/13/2025 - 04/28/2025",N/A
CEE 362,"M001-SEC Regular",We 5:15PM - 8:00PM,Link Hall 152,M. Liu,01/15/2025 - 04/23/2025,N/A
CEE 405,"M001-SEC Regular",TuTh 9:30AM - 10:50AM,Physics Building 104N,Y. Liu,01/14/2025 - 04/24/2025,N/A
CEE 413,"M001-SEC Regular",MoWe 2:15PM - 3:35PM,Heroy Geology Building 217,S. Tuttle,01/13/2025 - 04/28/2025,N/A
CEE 463,"M001-SEC Regular",MoWe 2:15PM - 3:35PM,Bowne Hall 414,C. Davidson,01/13/2025 - 04/28/2025,N/A
CEE 471,"M001-SEC Regular",TuTh 2:00PM - 3:20PM,Link Hall 152,S. Todorova,01/14/2025 - 04/24/2025,N/A
CEE 475,"M001-SEC Regular","MoWe 12:45PM - 2:05PM Fr 12:45PM - 3:30PM Fr 12:45PM - 3:30PM","Link Hall 369 Link Hall room 160 Link Hall 369","Y. Shi Y. Shi Y. Shi","01/13/2025 - 04/28/2025 01/17/2025 - 04/25/2025 01/17/2025 - 04/25/2025",N/A
CEE 500,"M002-SEC Regular",TuTh 11:00AM - 12:20PM,Link Hall 152,J. Trimmer,01/14/2025 - 04/24/2025,N/A
CEE 500,"M003-SEC Regular",MoWe 2:15PM - 3:35PM,Link Hall 152,K. Yu,01/13/2025 - 04/28/2025,N/A
CEE 520,"M001-SEC Regular",Tu 5:00PM - 7:45PM,Link Hall 274,E. Wing,01/14/2025 - 04/22/2025,N/A
CEE 535,"M001-SEC Regular",TuTh 5:00PM - 6:20PM,Link Hall 152,E. Lui,01/14/2025 - 04/24/2025,N/A
CEE 538,"M001-SEC Regular",TuTh 3:30PM - 4:50PM,Link Hall 152,E. Lui,01/14/2025 - 04/24/2025,N/A
CEE 548,"M001-SEC Regular",TuTh 9:30AM - 10:50AM,MARLEY ROOM 219,J. Anderson,01/14/2025 - 04/24/2025,N/A
CEE 582,"M001-SEC Regular",We 9:30AM - 12:15PM,Link Hall 152,M. Liu,01/15/2025 - 04/23/2025,N/A
CEE 605,"M001-SEC Regular",TuTh 9:30AM - 10:50AM,Physics Building 104N,Y. Liu,01/14/2025 - 04/24/2025,N/A
CEE 613,"M001-SEC Regular",MoWe 2:15PM - 3:35PM,Heroy Geology Building 217,S. Tuttle,01/13/2025 - 04/28/2025,N/A
CEE 639,"M001-SEC Regular",TuTh 12:30PM - 1:50PM,Link Hall 152,B. Salman,01/14/2025 - 04/24/2025,N/A
CEE 660,"M001-SEC Regular",TBA,TBA,A. Staniec,01/13/2025 - 04/28/2025,N/A
CEE 663,"M001-SEC Regular",MoWe 2:15PM - 3:35PM,Bowne Hall 414,C. Davidson,01/13/2025 - 04/28/2025,N/A
CEE 671,"M001-SEC Regular",TuTh 2:00PM - 3:20PM,Link Hall 152,S. Todorova,01/14/2025 - 04/24/2025,N/A
CEE 995,"M008-SEC Regular",TBA,TBA,S. Todorova,01/13/2025 - 04/28/2025,N/A
CEE 997,"M001-SEC Regular",TBA,TBA,Staff,01/13/2025 - 04/28/2025,N/A
CEE 997,"M002-SEC Regular",TBA,TBA,E. Carter,01/13/2025 - 04/28/2025,N/A
MFE 634,"M001-SEC Regular",Th 6:30PM - 9:15PM,Link Hall room 160,J. Romeu,01/16/2025 - 04/24/2025,N/A
MFE 636,"M001-SEC Regular",TuTh 2:00PM - 3:20PM,Link Hall 156,U. Roy,01/14/2025 - 04/24/2025,N/A
MFE 654,"M001-SEC Regular",We 9:30AM - 12:15PM,FALK ROOM 275,Y. Moon,01/15/2025 - 04/23/2025,N/A
MFE 692,"M001-SEC Regular",TuTh 5:00PM - 6:20PM,Link Hall 331,U. Roy,01/14/2025 - 04/24/2025,N/A
WRT 105,"M081-SEC Regular",MoWe 12:45PM - 2:05PM,Heroy Geology Building 013,S. Sassone,01/13/2025 - 04/28/2025,N/A
WRT 105,"M220-SEC Regular",TuTh 9:30AM - 10:50AM,HB CROUSE 213A located on quad,C. Feikes,01/14/2025 - 04/24/2025,N/A
WRT 105,"U001-SEC Regular",TuTh 5:00PM - 6:20PM,Link Hall 211,S. Turkkan,01/14/2025 - 04/24/2025,N/A
WRT 105,"U700-SEC Eight Wk 1","Mo 6:30PM - 8:00PM TBA","ONLINE SYNCHRONOUS ONLINE ASYNCHRONOUS","E. Dressing E. Dressing","01/13/2025 - 03/03/2025 01/13/2025 - 03/06/2025",N/A
WRT 114,"M002-SEC Regular",MoWe 3:45PM - 5:05PM,HB CROUSE 213B located on quad,I. Kleinbart,01/13/2025 - 04/28/2025,N/A
WRT 118,"M002-SEC Regular",TuTh 12:30PM - 1:50PM,Life Science Building 100,A. Long,01/14/2025 - 04/24/2025,N/A
WRT 205,"M010-SEC Regular",MoWeFr 8:25AM - 9:20AM,Hall of Languages 211,S. Turkkan,01/13/2025 - 04/28/2025,N/A
WRT 205,"M011-SEC Regular",MoWeFr 8:25AM - 9:20AM,Bowne Hall 108,P. Hawkins,01/13/2025 - 04/28/2025,N/A
WRT 205,"M063-SEC Regular",MoWeFr 11:40AM - 12:35PM,HB CROUSE 213B located on quad,P. Astras,01/13/2025 - 04/28/2025,N/A
WRT 205,"M083-SEC Regular",MoWe 12:45PM - 2:05PM,Sims Hall 337,N. Samigolla,01/13/2025 - 04/28/2025,N/A
WRT 205,"M145-SEC Regular",MoWe 3:45PM - 5:05PM,Marshall Square Mall 205A,T. Gerken,01/13/2025 - 04/28/2025,N/A
WRT 205,"M148-SEC Regular",MoWe 3:45PM - 5:05PM,LYMAN HALL 115A,B. Williams,01/13/2025 - 04/28/2025,N/A
WRT 205,"M150-SEC Regular",MoWe 3:45PM - 5:05PM,Heroy Geology Building 114,S. Wright,01/13/2025 - 04/28/2025,N/A
WRT 205,"M163-SEC Regular",MoWe 5:15PM - 6:35PM,Marshall Square Mall 205C,R. Panthee,01/13/2025 - 04/28/2025,N/A
WRT 205,"M165-SEC Regular",MoWe 5:15PM - 6:35PM,Marshall Square Mall 205A,T. Gerken,01/13/2025 - 04/28/2025,N/A
WRT 205,"M200-SEC Regular",TuTh 8:00AM - 9:20AM,Hall of Languages 111,H. Zorluel Ozer,01/14/2025 - 04/24/2025,N/A
WRT 205,"M220-SEC Regular",TuTh 9:30AM - 10:50AM,TOLLEY115,K. Hanzalik,01/14/2025 - 04/24/2025,N/A
WRT 205,"M224-SEC Regular",TuTh 9:30AM - 10:50AM,Huntington Hall 106,C. Geyer,01/14/2025 - 04/24/2025,N/A
WRT 205,"M241-SEC Regular",TuTh 11:00AM - 12:20PM,FALK ROOM 302,J. Pan,01/14/2025 - 04/24/2025,N/A
WRT 205,"M244-SEC Regular",TuTh 11:00AM - 12:20PM,TOLLEY110,N. Moore,01/14/2025 - 04/24/2025,N/A
WRT 205,"M266-SEC Regular",TuTh 12:30PM - 1:50PM,Marshall Square Mall 202A,E. O'Toole,01/14/2025 - 04/24/2025,N/A
WRT 205,"M280-SEC Regular",TuTh 2:00PM - 3:20PM,WAREHS 405 350 W. Fayette St.,R. Bartels,01/14/2025 - 04/24/2025,N/A
WRT 205,"M300-SEC Regular",TuTh 3:30PM - 4:50PM,Shaffer Art Building 203,A. Zouaoui,01/14/2025 - 04/24/2025,N/A
WRT 205,"M304-SEC Regular",TuTh 3:30PM - 4:50PM,Smith Hall 337,J. Pan,01/14/2025 - 04/24/2025,N/A
WRT 205,"M309-SEC Regular",TuTh 3:30PM - 4:50PM,HB CROUSE 306 located on quad,A. Murphy,01/14/2025 - 04/24/2025,N/A
WRT 205,"M322-SEC Regular",TuTh 5:00PM - 6:20PM,HB CROUSE 306 located on quad,A. Murphy,01/14/2025 - 04/24/2025,N/A
WRT 205,"M505-SEC Regular",TBA,ONLINE ASYNCHRONOUS,J. Wood,01/13/2025 - 04/28/2025,N/A
WRT 205,"U700-SEC Eight Wk 2","Mo 6:30PM - 8:00PM TBA","ONLINE SYNCHRONOUS ONLINE ASYNCHRONOUS","R. Meriwether R. Meriwether","03/10/2025 - 04/28/2025 03/10/2025 - 05/01/2025",N/A
WRT 205,"U800-SEC Regular",TBA,ONLINE ASYNCHRONOUS,M. Haas,01/13/2025 - 04/28/2025,N/A
WRT 307,"M080-SEC Regular",MoWe 12:45PM - 2:05PM,Smith Hall 330,K. Oakes,01/13/2025 - 04/28/2025,N/A
WRT 307,"M121-SEC Regular",MoWe 2:15PM - 3:35PM,Marshall Square Mall 205C,R. Panthee,01/13/2025 - 04/28/2025,N/A
WRT 307,"M140-SEC Regular",MoWe 3:45PM - 5:05PM,Bowne Hall 110,P. Shrestha,01/13/2025 - 04/28/2025,N/A
WRT 307,"M141-SEC Regular",MoWe 3:45PM - 5:05PM,Smith Hall 330,W. Stavenhagen Jr.,01/13/2025 - 04/28/2025,N/A
WRT 307,"M281-SEC Regular",TuTh 2:00PM - 3:20PM,HB CROUSE 323A,C. Geyer,01/14/2025 - 04/24/2025,N/A
WRT 308,"U800-SEC Winterlude",TBA,ONLINE ASYNCHRONOUS,C. Brooke,12/18/2024 - 01/10/2025,N/A
WRT 308,"U801-SEC Winterlude",TBA,ONLINE ASYNCHRONOUS,C. Brooke,12/18/2024 - 01/10/2025,N/A
WRT 413,"M001-SEC Regular",TuTh 11:00AM - 12:20PM,Huntington Hall 105,A. Scott,01/14/2025 - 04/24/2025,N/A
WRT 422,"M001-SEC Regular",TuTh 12:30PM - 1:50PM,Marshall Square Mall 205C,B. Nordquist,01/14/2025 - 04/24/2025,N/A
WRT 424,"M001-SEC Regular",TuTh 2:00PM - 3:20PM,Newhouse 2 355,A. Scott,01/14/2025 - 04/24/2025,N/A
WRT 426,"M001-SEC Regular",TuTh 9:30AM - 10:50AM,ONLINE SYNCHRONOUS,K. Kennedy,01/14/2025 - 04/24/2025,N/A
WRT 427,"M001-SEC Regular",MoWe 2:15PM - 3:35PM,Shaffer Art Building 221D,M. Haas,01/13/2025 - 04/28/2025,N/A
WRT 496,"M001-SEC Regular",Fr 3:45PM - 5:35PM,TOLLEY204,C. Brooke,01/17/2025 - 04/25/2025,N/A
EAR 104,"M002-SEC Regular",Tu 9:30AM - 11:30AM,Heroy Geology Building 110,H. Gunn,01/14/2025 - 04/22/2025,N/A
EAR 104,"M003-SEC Regular",Mo 11:40AM - 1:40PM,Heroy Geology Building 110,B. Guerrero,01/13/2025 - 04/28/2025,N/A
EAR 104,"M008-SEC Regular",Th 9:30AM - 11:30AM,Heroy Geology Building 110,K. Atchinson,01/16/2025 - 04/24/2025,N/A
EAR 105,"M001-SEC Regular",MoWeFr 10:35AM - 11:30AM,Grant Auditorium,J. Russell,01/13/2025 - 04/28/2025,N/A
EAR 105,"M006-RECRegular",We 8:25AM - 9:20AM,Heroy Geology Building 102,H. Gunn,01/15/2025 - 04/23/2025,N/A
EAR 105,"M010-RECRegular",Fr 8:25AM - 9:20AM,Heroy Geology Building 102,R. Rowe,01/17/2025 - 04/25/2025,N/A
EAR 105,"M012-RECRegular",Fr 12:45PM - 1:40PM,Heroy Geology Building 102,Z. Yang,01/17/2025 - 04/25/2025,N/A
EAR 105,"M013-RECRegular",Fr 2:15PM - 3:10PM,Heroy Geology Building 102,B. Guerrero,01/17/2025 - 04/25/2025,N/A
EAR 105,"M020-SEC Regular",TuTh 11:00AM - 12:20PM,Heroy Geology Building Aud,R. Moucha,01/14/2025 - 04/24/2025,N/A
EAR 105,"M023-RECRegular",Tu 12:30PM - 1:25PM,Heroy Geology Building 102,M. Woodley,01/14/2025 - 04/22/2025,N/A
EAR 106,"M001-SEC Regular",MoWe 12:45PM - 2:05PM,Heroy Geology Building Aud,L. Streib,01/13/2025 - 04/28/2025,N/A
EAR 106,"M003-LAB Regular",Mo 3:45PM - 4:40PM,Heroy Geology Building 110,B. Pummell,01/13/2025 - 04/28/2025,N/A
EAR 106,"M004-LAB Regular",Mo 5:15PM - 6:10PM,Heroy Geology Building 110,B. Pummell,01/13/2025 - 04/28/2025,N/A
EAR 111,"M002-RECRegular",Tu 9:30AM - 10:25AM,Heroy Geology Building 210,C. Bush,01/14/2025 - 04/22/2025,N/A
EAR 117,"M001-SEC Regular",MoWe 8:00AM - 9:20AM,Heroy Geology Building Aud,D. Curewitz,01/13/2025 - 04/28/2025,N/A
EAR 117,"M002-RECRegular",Mo 10:35AM - 11:30AM,Heroy Geology Building 210,Z. Wang,01/13/2025 - 04/28/2025,N/A
EAR 117,"M003-RECRegular",We 10:35AM - 11:30AM,Heroy Geology Building 210,M. Brannon,01/15/2025 - 04/23/2025,N/A
EAR 117,"M004-RECRegular",We 11:40AM - 12:35PM,Heroy Geology Building 210,Z. Wang,01/15/2025 - 04/23/2025,N/A
EAR 117,"M005-RECRegular",Fr 10:35AM - 11:30AM,Heroy Geology Building 210,M. Brannon,01/17/2025 - 04/25/2025,N/A
EAR 117,"M020-SEC Regular",MoWe 5:15PM - 6:35PM,Heroy Geology Building Aud,D. Curewitz,01/13/2025 - 04/28/2025,N/A
EAR 117,"M021-RECRegular",Mo 12:45PM - 1:40PM,Heroy Geology Building 210,Z. Wang,01/13/2025 - 04/28/2025,N/A
EAR 117,"M022-RECRegular",Mo 2:15PM - 3:10PM,Heroy Geology Building 210,Z. Wang,01/13/2025 - 04/28/2025,N/A
EAR 117,"M024-RECRegular",We 2:15PM - 3:10PM,Heroy Geology Building 210,M. Brannon,01/15/2025 - 04/23/2025,N/A
EAR 117,"M025-RECRegular",We 3:45PM - 4:40PM,Heroy Geology Building 210,M. Brannon,01/15/2025 - 04/23/2025,N/A
EAR 203,"M001-SEC Regular",MoWeFr 11:40AM - 12:35PM,Hall of Languages 214,J. Mejia,01/13/2025 - 04/28/2025,N/A
EAR 203,"M003-LAB Regular",Fr 12:45PM - 2:45PM,Heroy Geology Building 110,H. Garcia Delgado,01/17/2025 - 04/25/2025,N/A
EAR 203,"M004-LAB Regular",Tu 5:00PM - 7:00PM,Heroy Geology Building 102,H. Garcia Delgado,01/14/2025 - 04/22/2025,N/A
EAR 204,"M001-SEC FlexLong","We 3:45PM - 5:45PM Sa 9:00AM - 5:00PM","Heroy Geology Building 102 Heroy Geology Building 102","C. Junium Staff","04/02/2025 - 04/23/2025 04/05/2025 - 04/26/2025",N/A
EAR 205,"M001-SEC Regular",MoWe 2:15PM - 3:35PM,Life Science Building 001,L. Streib,01/13/2025 - 04/28/2025,N/A
EAR 205,"M002-RECRegular",Mo 8:00AM - 8:55AM,Heroy Geology Building 110,R. Polk,01/13/2025 - 04/28/2025,N/A
EAR 205,"M004-RECRegular",Fr 10:35AM - 11:30AM,Heroy Geology Building 110,R. Polk,01/17/2025 - 04/25/2025,N/A
EAR 205,"M005-RECRegular",Fr 11:40AM - 12:35PM,Heroy Geology Building 110,R. Polk,01/17/2025 - 04/25/2025,N/A
EAR 210,"M001-SEC Regular",MoWeFr 11:40AM - 12:35PM,Heroy Geology Building 217,L. Ivany,01/13/2025 - 04/28/2025,N/A
EAR 210,"M002-LAB Regular",Fr 12:45PM - 2:45PM,Heroy Geology Building 217,T. Logie,01/17/2025 - 04/25/2025,N/A
EAR 225,"M001-SEC Regular",MoWe 2:15PM - 3:35PM,Heroy Geology Building Aud,D. Curewitz,01/13/2025 - 04/28/2025,N/A
EAR 225,"M004-RECRegular",We 8:00AM - 8:55AM,Heroy Geology Building 210,P. Bonilla,01/15/2025 - 04/23/2025,N/A
EAR 305,"M001-SEC Regular",Tu 3:30PM - 6:15PM,Heroy Geology Building 210,C. Scholz,01/14/2025 - 04/22/2025,N/A
EAR 314,"M001-SEC Regular",TuTh 11:00AM - 12:20PM,Heroy Geology Building 217,J. Thomas,01/14/2025 - 04/24/2025,N/A
EAR 314,"M002-LAB Regular",Tu 12:30PM - 3:20PM,Heroy Geology Building 217,M. Koch,01/14/2025 - 04/22/2025,N/A
EAR 400,"M001-SEC Regular",TuTh 11:00AM - 12:20PM,Heroy Geology Building 005,A. Mohammed,01/14/2025 - 04/24/2025,N/A
EAR 400,"M002-SEC FlexLong",We 3:45PM - 5:05PM,Heroy Geology Building 333E,C. Scholz,01/15/2025 - 03/19/2025,N/A
EAR 400,"M003-SEC Regular",TuTh 2:15PM - 3:35PM,Heroy Geology Building 005,T. Wen,01/14/2025 - 04/24/2025,N/A
EAR 409,"M001-SEC Regular",TBA,TBA,T. Wen,01/13/2025 - 04/28/2025,N/A
EAR 410,"M001-SEC Regular",MoWe 2:15PM - 3:35PM,Heroy Geology Building 005,G. Hoke,01/13/2025 - 04/28/2025,N/A
EAR 414,"M001-SEC Regular",TuTh 9:30AM - 10:50AM,Heroy Geology Building 217,M. Chipman,01/14/2025 - 04/24/2025,N/A
EAR 417,"M001-SEC Regular",MoWeFr 10:35AM - 11:30AM,Heroy Geology Building 102,S. Samson,01/13/2025 - 04/28/2025,N/A
EAR 483,"M001-SEC Regular",Th 3:30PM - 6:15PM,Heroy Geology Building 113,M. Chipman,01/16/2025 - 04/24/2025,N/A
EAR 600,"M001-SEC Regular",TuTh 11:00AM - 12:20PM,Heroy Geology Building 005,A. Mohammed,01/14/2025 - 04/24/2025,N/A
EAR 600,"M002-SEC Regular",Tu 12:30PM - 1:30PM,Heroy Geology Building 333C,C. Newton,01/14/2025 - 04/22/2025,N/A
EAR 600,"M003-SEC Regular",TuTh 2:15PM - 3:35PM,Heroy Geology Building 005,T. Wen,01/14/2025 - 04/24/2025,N/A
EAR 610,"M001-SEC Regular",MoWe 2:15PM - 3:35PM,Heroy Geology Building 005,G. Hoke,01/13/2025 - 04/28/2025,N/A
EAR 612,"M001-SEC Regular",We 3:45PM - 4:40PM,Heroy Geology Building 333C,A. Mohammed,01/15/2025 - 04/23/2025,N/A
EAR 614,"M001-SEC Regular",TuTh 9:30AM - 10:50AM,Heroy Geology Building 217,M. Chipman,01/14/2025 - 04/24/2025,N/A
EAR 617,"M001-SEC Regular",MoWeFr 10:35AM - 11:30AM,Heroy Geology Building 102,S. Samson,01/13/2025 - 04/28/2025,N/A
EAR 628,"M001-SEC Regular",Th 11:00AM - 12:20PM,Heroy Geology Building 333C,L. Ivany,01/16/2025 - 04/24/2025,N/A
EAR 666,"M001-SEC Regular",Th 2:00PM - 2:55PM,Heroy Geology Building 333C,S. Samson,01/16/2025 - 04/24/2025,N/A
EAR 683,"M001-SEC Regular",Th 3:30PM - 6:15PM,Heroy Geology Building 113,M. Chipman,01/16/2025 - 04/24/2025,N/A
EAR 997,"M001-SEC Regular",TBA,TBA,Staff,01/13/2025 - 04/28/2025,N/A
EAR 999,"M001-SEC Regular",TBA,TBA,Staff,01/13/2025 - 04/28/2025,N/A
CEN 212,"M001-SEC Regular",TuTh 12:30PM - 1:50PM,Link Hall 331,M. Blatchley,01/14/2025 - 04/24/2025,N/A
CEN 252,"M001-SEC Regular",TuTh 9:30AM - 10:50AM,Link Hall 373,K. Cadwell,01/14/2025 - 04/24/2025,N/A
CEN 341,"M005-SEC Regular",TuTh 2:00PM - 3:20PM,Link Hall 331,R. Sureshkumar,01/14/2025 - 04/24/2025,N/A
CEN 433,"M001-SEC Regular",TuTh 2:00PM - 3:20PM,Bowne Hall 414,E. Jain,01/14/2025 - 04/24/2025,N/A
CEN 451,"M001-SEC Regular",MoWeFr 10:35AM - 11:30AM,MARLEY ROOM 221,T. Walker,01/13/2025 - 04/28/2025,N/A
CEN 455,"M001-SEC Regular",TuTh 12:30PM - 1:50PM,MARLEY ROOM 221,I. Hosein,01/14/2025 - 04/24/2025,N/A
CEN 461,"M001-SEC Regular",TuTh 2:00PM - 3:20PM,Link Hall 152,S. Todorova,01/14/2025 - 04/24/2025,N/A
CEN 474,"M001-SEC Regular","TuTh 9:30AM - 10:50AM We 9:30AM - 10:25AM","Bowne Hall 414 Bowne Hall 414","A. Joseph A. Joseph","01/14/2025 - 04/24/2025 01/15/2025 - 04/23/2025",N/A
CEN 522,"M001-SEC Regular",Th 9:30AM - 12:15PM,ONLINE SYNCHRONOUS,D. Ren,01/16/2025 - 04/24/2025,N/A
CEN 575,"M001-SEC Regular",MoWe 5:15PM - 6:35PM,Link Hall 331,A. Sangani,01/13/2025 - 04/28/2025,N/A
CEN 602,"M001-SEC Regular",TuTh 11:00AM - 12:20PM,Bowne Hall 414,P. Yung,01/14/2025 - 04/24/2025,N/A
CEN 633,"M001-SEC Regular",TuTh 2:00PM - 3:20PM,Bowne Hall 414,E. Jain,01/14/2025 - 04/24/2025,N/A
CEN 651,"M001-SEC Regular",MoWeFr 10:35AM - 11:30AM,MARLEY ROOM 221,T. Walker,01/13/2025 - 04/28/2025,N/A
CEN 655,"M001-SEC Regular",TuTh 12:30PM - 1:50PM,MARLEY ROOM 221,I. Hosein,01/14/2025 - 04/24/2025,N/A
CEN 661,"M001-SEC Regular",TuTh 2:00PM - 3:20PM,Link Hall 152,S. Todorova,01/14/2025 - 04/24/2025,N/A
CEN 672,"M001-SEC Regular",MoWe 3:45PM - 5:05PM,Link Hall 152,J. Trimmer,01/13/2025 - 04/28/2025,N/A
CEN 741,"M001-SEC Regular",TuTh 3:30PM - 4:50PM,Link Hall 211,A. Sangani,01/14/2025 - 04/24/2025,N/A
CEN 786,"M001-SEC Regular",MoWeFr 9:30AM - 10:25AM,Link Hall 373,J. Bond,01/13/2025 - 04/28/2025,N/A
CEN 997,"M001-SEC Regular",TBA,TBA,S. Nangia,01/13/2025 - 04/28/2025,N/A
CIS 151,"M001-SEC Regular",MoWe 11:40AM - 12:35PM,SCITC4-201,L. Wang,01/13/2025 - 04/28/2025,N/A
CIS 151,"M002-LAB Regular",MoWe 12:45PM - 2:05PM,SCITC 3-116,L. Wang,01/13/2025 - 04/28/2025,N/A
CIS 252,"M001-SEC Regular",TuTh 12:30PM - 1:50PM,Eggers Hall 010,J. Marum,01/14/2025 - 04/24/2025,N/A
CIS 252,"M002-SEC Regular",TuTh 3:30PM - 4:50PM,HB CROUSE KITTREDGE,N. Ghani,01/14/2025 - 04/24/2025,N/A
CIS 252,"M005-LAB Regular",We 2:15PM - 3:35PM,Link Hall 011,J. Marum,01/15/2025 - 04/23/2025,N/A
CIS 252,"M006-LAB Regular",We 12:45PM - 2:05PM,Link Hall 011,J. Marum,01/15/2025 - 04/23/2025,N/A
CIS 252,"M007-LAB Regular",We 5:15PM - 6:35PM,Link Hall 011,N. Ghani,01/15/2025 - 04/23/2025,N/A
CIS 321,"M003-RECRegular",We 10:35AM - 11:30AM,Life Science Building 011,C. Isik,01/15/2025 - 04/23/2025,N/A
CIS 351,"M001-SEC Regular",TuTh 12:30PM - 1:50PM,Hall of Languages 202,G. Silva de Oliveira,01/14/2025 - 04/24/2025,N/A
CIS 351,"M002-LAB Regular",We 9:30AM - 10:25AM,Link Hall 011,G. Silva de Oliveira,01/15/2025 - 04/23/2025,N/A
CIS 351,"M003-LAB Regular",We 10:35AM - 11:30AM,Link Hall 011,G. Silva de Oliveira,01/15/2025 - 04/23/2025,N/A
CIS 352,"M001-SEC Regular",TuTh 2:00PM - 3:20PM,Life Science Building 105,K. Micinski,01/14/2025 - 04/24/2025,N/A
CIS 352,"M002-LAB Regular",Mo 9:30AM - 10:25AM,Link Hall 011,K. Micinski,01/13/2025 - 04/28/2025,N/A
CIS 375,"M001-SEC Regular",TuTh 11:00AM - 12:20PM,SCITC4-201,S. Older,01/14/2025 - 04/24/2025,N/A
CIS 375,"M002-RECRegular",Fr 9:30AM - 10:25AM,Life Science Building 105,S. Older,01/17/2025 - 04/25/2025,N/A
CIS 400,"M001-SEC Regular",TuTh 12:30PM - 1:50PM,MARLEY ROOM 220,N. Ghani,01/14/2025 - 04/24/2025,N/A
CIS 400,"M002-SEC Regular",TuTh 5:00PM - 6:20PM,SCITC4-201,J. Marum,01/14/2025 - 04/24/2025,N/A
CIS 400,"M003-SEC Regular",TuTh 3:30PM - 4:50PM,SCITC4-201,J. Marum,01/14/2025 - 04/24/2025,N/A
CIS 400,"M004-SEC Regular",TuTh 3:30PM - 4:50PM,Link Hall room 160,C. Mohan,01/14/2025 - 04/24/2025,N/A
CIS 400,"M005-SEC Regular",TuTh 2:00PM - 3:20PM,Science & Tech Ctr 3-216,F. Rahman,01/14/2025 - 04/24/2025,N/A
CIS 400,"M006-SEC Regular",TuTh 11:00AM - 12:20PM,Sims Hall 237,J. Pollack,01/14/2025 - 04/24/2025,N/A
CIS 400,"M008-SEC Regular",MoWe 3:45PM - 5:05PM,SCITC4-201,A. Lee,01/13/2025 - 04/28/2025,N/A
CIS 425,"M001-SEC Regular",MoWe 2:15PM - 3:35PM,SCITC4-201,M. Baruch,01/13/2025 - 04/28/2025,N/A
CIS 428,"M001-SEC Regular",TuTh 5:00PM - 6:20PM,Hall of Languages 114,A. Lee,01/14/2025 - 04/24/2025,N/A
CIS 453,"M001-SEC Regular",MoWe 3:45PM - 5:05PM,Link Hall room 160,J. Waclawski,01/13/2025 - 04/28/2025,N/A
CIS 473,"M001-SEC Regular",MoWe 12:45PM - 2:05PM,FALK ROOM 100,V. Gandikota,01/13/2025 - 04/28/2025,N/A
CIS 473,"M002-RECRegular",Tu 5:00PM - 5:55PM,Science & Tech Ctr 3-216,V. Gandikota,01/14/2025 - 04/22/2025,N/A
CIS 473,"M003-RECRegular",Tu 9:30AM - 10:25AM,Eggers Hall 070,V. Gandikota,01/14/2025 - 04/22/2025,N/A
CIS 473,"M004-RECRegular",Tu 11:00AM - 11:55AM,Science & Tech Ctr 3-216,V. Gandikota,01/14/2025 - 04/22/2025,N/A
CIS 477,"M001-SEC Regular",MoWe 2:15PM - 3:35PM,Hall of Languages 205,J. Zhang,01/13/2025 - 04/28/2025,N/A
CIS 477,"M002-RECRegular",Tu 9:30AM - 10:25AM,Shaffer Art Building 221D,J. Zhang,01/14/2025 - 04/22/2025,N/A
CIS 477,"M003-RECRegular",Tu 11:00AM - 11:55AM,Shaffer Art Building 221D,J. Zhang,01/14/2025 - 04/22/2025,N/A
CIS 554,"M400-SEC ONL2 Wntr","TBA Tu 8:30PM - 10:15PM","ONLINE ASYNCHRONOUS ONLINE SYNCHRONOUS","J. Weissman J. Weissman","01/02/2025 - 01/13/2025 01/14/2025 - 03/25/2025",N/A
CIS 563,"M001-SEC Regular",TuTh 12:30PM - 1:50PM,Link Hall room 160,R. Zafarani,01/14/2025 - 04/24/2025,N/A
CIS 600,"M001-SEC Regular",MoWe 12:45PM - 2:05PM,Link Hall room 160,S. Kumarawadu,01/13/2025 - 04/28/2025,N/A
CIS 600,"M002-SEC Regular",TuTh 8:00AM - 9:20AM,Life Science Building 105,S. Kumarawadu,01/14/2025 - 04/24/2025,N/A
CIS 600,"M003-SEC Regular",TuTh 9:30AM - 10:50AM,Sims Hall 241,N. Gautam,01/14/2025 - 04/24/2025,N/A
CIS 600,"M004-SEC Regular",TuTh 3:30PM - 4:50PM,Link Hall room 160,C. Mohan,01/14/2025 - 04/24/2025,N/A
CIS 600,"M007-SEC Regular",Fr 9:30AM - 12:15PM,Hall of Languages 107,S. Kumarawadu,01/17/2025 - 04/25/2025,N/A
CIS 600,"M400-SEC ONL2 Sprng","TBA We 8:30PM - 10:15PM","ONLINE ASYNCHRONOUS ONLINE SYNCHRONOUS","G. Wagner G. Wagner","03/26/2025 - 04/08/2025 04/09/2025 - 06/11/2025",N/A
CIS 623,"M001-SEC Regular",MoWe 8:00AM - 9:20AM,Watson Theater,A. Lee,01/13/2025 - 04/28/2025,N/A
CIS 623,"M400-SEC ONL2 Wntr","TBA Mo 8:30PM - 10:15PM","ONLINE ASYNCHRONOUS ONLINE SYNCHRONOUS","S. Roueche S. Roueche","01/02/2025 - 01/12/2025 01/13/2025 - 03/24/2025",N/A
CIS 623,"M401-SEC ONL2 Sprng","TBA We 8:30PM - 10:15PM","ONLINE ASYNCHRONOUS ONLINE SYNCHRONOUS","S. Roueche S. Roueche","03/26/2025 - 04/08/2025 04/09/2025 - 06/11/2025",N/A
CIS 628,"M402-SEC ONL2 Sprng","TBA Th 8:30PM - 10:15PM","ONLINE ASYNCHRONOUS ONLINE SYNCHRONOUS","J. Weissman J. Weissman","03/26/2025 - 04/02/2025 04/03/2025 - 06/12/2025",N/A
CIS 629,"M001-SEC Regular",MoWe 3:45PM - 5:05PM,HB CROUSE KITTREDGE,Y. Tang,01/13/2025 - 04/28/2025,N/A
CIS 651,"M001-SEC Regular",MoWe 5:15PM - 6:35PM,Life Science Building 105,H. Martel,01/13/2025 - 04/28/2025,N/A
CIS 651,"M400-SEC ONL2 Sprng","TBA Th 8:30PM - 10:15PM","ONLINE ASYNCHRONOUS ONLINE SYNCHRONOUS","H. Martel H. Martel","03/26/2025 - 04/02/2025 04/03/2025 - 06/12/2025",N/A
CIS 655,"M001-SEC Regular",MoWe 3:45PM - 5:05PM,Heroy Geology Building Aud,E. Ercanli,01/13/2025 - 04/28/2025,N/A
CIS 655,"M400-SEC ONL2 Wntr","TBA Mo 6:30PM - 8:15PM","ONLINE ASYNCHRONOUS ONLINE SYNCHRONOUS","M. Abdallah M. Abdallah","01/02/2025 - 01/12/2025 01/13/2025 - 03/24/2025",N/A
CIS 655,"M401-SEC ONL2 Sprng","TB Tu 8:00PM - 9:45PM","ONLINE ASYNCHRONOUS ONLINE SYNCHRONOUS","M. Abdallah M. Abdallah","03/26/2025 - 04/07/2025 04/08/2025 - 06/17/2025",N/A
CIS 657,"M402-SEC ONL2 Wntr","TBA Mo 8:30PM - 10:15PM","ONLINE ASYNCHRONOUS ONLINE SYNCHRONOUS","M. Abdallah M. Abdallah","01/02/2025 - 01/12/2025 01/13/2025 - 03/24/2025",N/A 
CIS 657,"M404-SEC ONL2 Sprng","TBA Tu 10:00PM - 11:45PM","ONLINE ASYNCHRONOUS ONLINE SYNCHRONOUS","M. Abdallah M. Abdallah","03/26/2025 - 04/08/2025 04/08/2025 - 06/17/2025",N/A 
CIS 662,"M001-SEC Regular",TuTh 11:00AM - 12:20PM,FALK ROOM 100,N. Gautam,01/14/2025 - 04/24/2025,N/A
CIS 663,"M400-SEC ONL2 Wntr","TBA We 8:30PM - 10:15PM","ONLINE ASYNCHRONOUS ONLINE SYNCHRONOUS","G. Wagner G. Wagner","01/02/2025 - 01/07/2025 01/08/2025 - 03/19/2025",N/A 
CIS 667,"M001-SEC Regular",TuTh 12:30PM - 1:50PM,SCITC4-201,G. Katz,01/14/2025 - 04/24/2025,N/A
CIS 675,"M001-SEC Regular",TuTh 2:00PM - 3:20PM,Grant Auditorium,S. Soundarajan,01/14/2025 - 04/24/2025,N/A
CIS 675,"M400-SEC ONL2 Wntr","TBA Su 8:30PM - 10:15PM","ONLINE ASYNCHRONOUS ONLINE SYNCHRONOUS","J. Chidella J. Chidella","01/02/2025 - 01/11/2025 01/12/2025 - 03/23/2025",N/A 
CIS 675,"M403-SEC ONL2 Sprng","TBA   Su 8:30PM - 10:15PM","ONLINE ASYNCHRONOUS ONLINE SYNCHRONOUS","J. Chidella J. Chidella","03/28/2025 - 04/05/2025 04/06/2025 - 06/15/2025",N/A
CIS 700,"M001-SEC Regular",We 5:15PM - 8:00PM,SCITC3-212,M. Hoque,01/15/2025 - 04/23/2025,N/A
CIS 700,"M002-SEC Regular",TuTh 2:00PM - 3:20PM,SCITC3-212,G. Katz,01/14/2025 - 04/24/2025,N/A
CIS 700,"M003-SEC Regular",We 9:30AM - 12:15PM,SCITC 4-206,P. Varshney,01/15/2025 - 04/23/2025,N/A
CIS 731,"M001-SEC Regular",MoWe 3:45PM - 5:05PM,Link Hall 200,C. Mohan,01/13/2025 - 04/28/2025,N/A
CIS 735,"M001-SEC Regular",MoWe 2:15PM - 3:35PM,SCITC3-212,V. Phoha,01/13/2025 - 04/28/2025,N/A
CIS 735,"M400-SEC ONL2 Sprng","TBA Mo 8:30PM - 10:15PM","ONLINE ASYNCHRONOUS ONLINE SYNCHRONOUS","G. Wagner G. Wagner","03/26/2025 - 04/06/2025 04/07/2025 - 06/16/2025",N/A
PHY 102,"M001-SEC Regular",MoWe 2:15PM - 3:35PM,Physics Building Stolk,M. Mihovilovic Skanata,01/13/2025 - 04/28/2025,N/A
PHY 102,"M002-LAB Regular",Fr 10:35AM - 12:25PM,Physics Building 110,A. Goonawardhana,01/17/2025 - 04/25/2025,N/A
PHY 102,"M004-LAB Regular",We 6:45PM - 8:45PM,Physics Building 110,J. Jones,01/15/2025 - 04/23/2025,N/A
PHY 102,"M005-LAB Regular",We 3:45PM - 5:45PM,Physics Building 110,J. Jones,01/15/2025 - 04/23/2025,N/A
PHY 102,"M008-LAB Regular",Fr 8:25AM - 10:25AM,Physics Building 110,A. Goonawardhana,01/17/2025 - 04/25/2025,N/A
PHY 211,"M001-SEC Regular",TuTh 9:30AM - 10:50AM,Physics Building Stolk,W. Freeman,01/14/2025 - 04/24/2025,N/A
PHY 211,"M002-SEC Regular",TuTh 11:00AM - 12:20PM,Physics Building Stolk,W. Freeman,01/14/2025 - 04/24/2025,N/A
PHY 211,"M009-RECRegular",TuTh 5:00PM - 5:55PM,Heroy Geology Building 114,J. Tulu,01/14/2025 - 04/24/2025,N/A
PHY 211,"M010-RECRegular",TuTh 6:30PM - 7:25PM,Heroy Geology Building 114,G. Gehlot,01/14/2025 - 04/24/2025,N/A
PHY 211,"M012-RECRegular",WeFr 9:30AM - 10:25AM,Physics Building 106,S. Pokhrel,01/15/2025 - 04/25/2025,N/A
PHY 211,"M020-RECRegular",WeFr 11:40AM - 12:35PM,Heroy Geology Building 113,G. Gehlot,01/15/2025 - 04/25/2025,N/A
PHY 211,"M023-RECRegular",WeFr 8:25AM - 9:20AM,Physics Building 104N,J. Yousefian,01/15/2025 - 04/25/2025,N/A
PHY 212,"M001-SEC Regular",TuTh 12:30PM - 1:50PM,Physics Building Stolk,J. Hansen,01/14/2025 - 04/24/2025,N/A
PHY 212,"M010-RECRegular",WeFr 8:25PM - 9:20PM,Physics Building 204,D. Van Allen,01/15/2025 - 04/25/2025,N/A
PHY 216,"M001-SEC Regular",TuTh 12:30PM - 1:50PM,Physics Building 104N,N. Pashine,01/14/2025 - 04/24/2025,N/A
PHY 216,"M003-RECRegular",MoWe 6:45PM - 7:45PM,Physics Building 208,Staff,01/13/2025 - 04/28/2025,N/A
PHY 221,"M001-SEC Regular",TBA,TBA,T. Skwarnicki,01/13/2025 - 04/28/2025,N/A
PHY 221,"M012-LAB Regular",We 3:45PM - 5:45PM,Life Science Building 306,A. Zaratsyan,01/15/2025 - 04/23/2025,N/A
PHY 221,"M015-LAB Regular",Th 7:00PM - 9:00PM,Life Science Building 306,A. Samlodia,01/16/2025 - 04/24/2025,N/A
PHY 221,"M020-LAB Regular",Tu 11:00AM - 1:00PM,Life Science Building 306,V. Jadhav Yashavant,01/14/2025 - 04/22/2025,N/A
PHY 222,"M001-SEC Regular",TBA,TBA,S. Ballmer,01/13/2025 - 04/28/2025,N/A
PHY 222,"M006-LAB Regular",We 10:35AM - 12:35PM,Physics Building 108,L. Roy,01/15/2025 - 04/23/2025,N/A
PHY 226,"M001-SEC Regular",MoWe 12:45PM - 2:05PM,Physics Building 377,D. Whittington,01/13/2025 - 04/28/2025,N/A
PHY 250,"M001-SEC Regular",Fr 11:40AM - 12:35PM,Physics Building 204,D. Whittington,01/16/2025 - 04/25/2025,N/A
PHY 302,"M001-SEC Regular",TuTh 9:30AM - 10:50AM,Physics Building 208,J. Paulsen,01/14/2025 - 04/24/2025,N/A
PHY 314,"M001-SEC Regular",TuTh 2:00PM - 3:20PM,Physics Building 208,J. Hubisz,01/14/2025 - 04/24/2025,N/A
PHY 317,"M001-SEC Regular",MoWe 2:15PM - 3:35PM,Physics Building 208,G. Mansell,01/13/2025 - 04/28/2025,N/A
PHY 344,"M002-SEC Regular",MoWe 3:45PM - 6:35PM,Physics Building 377,M. Soderberg,01/13/2025 - 04/28/2025,N/A
PHY 361,"M001-SEC Regular",TuTh 11:00AM - 12:20PM,Physics Building 104N,R. Silva Coutinho,01/14/2025 - 04/24/2025,N/A
PHY 366,"M001-SEC Regular",MoWe 2:15PM - 3:35PM,Physics Building 377,S. Blusk,01/13/2025 - 04/28/2025,N/A
PHY 399,"M001-SEC Regular",TBA,TBA,Staff,01/13/2025 - 04/28/2025,N/A
PHY 400,"M001-SEC Regular",TuTh 11:00AM - 12:20PM,Physics Building 106,E. Coughlin,01/14/2025 - 04/24/2025,N/A
PHY 408,"M001-SEC Regular",TuTh 2:00PM - 3:20PM,Physics Building 204,M. Rudolph,01/14/2025 - 04/24/2025,N/A
PHY 523,"M001-SEC Regular",TuTh 9:30AM - 10:50AM,Physics Building 106,J. Laiho,01/14/2025 - 04/24/2025,N/A
PHY 531,"M001-SEC Regular",TuTh 12:30PM - 1:50PM,Physics Building 208,L. Movileanu,01/14/2025 - 04/24/2025,N/A
PHY 641,"M001-SEC Regular",TuTh 9:30AM - 10:50AM,Physics Building 204,P. Souder,01/14/2025 - 04/24/2025,N/A
PHY 657,"M001-SEC Regular",MoWe 2:15PM - 3:35PM,Physics Building 204,M. Artuso,01/13/2025 - 04/28/2025,N/A
PHY 731,"M001-SEC Regular",TuTh 12:30PM - 1:50PM,Physics Building 204,M. Manning,01/14/2025 - 04/24/2025,N/A
PHY 775,"M001-SEC Regular",MoWe 3:45PM - 5:05PM,Physics Building 204,G. Watson,01/13/2025 - 04/28/2025,N/A
PHY 880,"M002-SEC Regular",TuTh 11:00AM - 12:20PM,Physics Building 106,E. Coughlin,01/14/2025 - 04/24/2025,N/A
PHY 999,"M001-SEC Regular",TBA,TBA,Staff,01/13/2025 - 04/28/2025,N/A
FYS 101,"M007-SEC Regular","Tu 3:30PM - 4:50PM TBA TBA TBA","Huntington Hall 101 Home College Experience Home College Experience Home College Experience","H. McElwee H. McElwee H. McElwee H. McElwee","01/14/2025 - 04/22/2025 02/10/2025 - 02/14/2025 02/24/2025 - 02/28/2025 04/21/2025 - 04/25/2025",N/A
FYS 101,"M011-SEC Regular","Fr 12:45PM - 1:45PM TBA TBA TBA","FALK ROOM 101 Home College Experience Home College Experience Home College Experience","A. LaClair A. LaClair A. LaClair A. LaClair","01/17/2025 - 04/25/2025 02/10/2025 - 02/14/2025 02/24/2025 - 02/28/2025 04/21/2025 - 04/25/2025",N/A
FYS 101,"M014-SEC Regular","Mo 5:15PM - 6:35PM TBA TBA TBA","Hall of Languages 215 Home College Experience Home College Experience Home College Experience","K. Shaw K. Shaw K. Shaw K. Shaw","01/13/2025 - 04/28/2025 02/10/2025 - 02/14/2025 02/24/2025 - 02/28/2025 04/21/2025 - 04/25/2025",N/A
FYS 101,"M016-SEC Regular","We 5:15PM - 6:35PM TBA TBA TBA","FALK ROOM 201 Home College Experience Home College Experience Home College Experience","A. Shanes A. Shanes A. Shanes A. Shanes","01/15/2025 - 04/23/2025 02/10/2025 - 02/14/2025 02/24/2025 - 02/28/2025 04/21/2025 - 04/25/2025",N/A
FYS 101,"M019-SEC Regular","Tu 3:30PM - 4:50PM TBA TBA TBA","Maxwell Hall 111 Home College Experience Home College Experience Home College Experience","N. Henry N. Henry N. Henry N. Henry","01/14/2025 - 04/22/2025 02/10/2025 - 02/14/2025 02/24/2025 - 02/28/2025 04/21/2025 - 04/25/2025",N/A
FYS 101,"U701-SEC Eight Wk 1","Mo 8:00PM - 9:30PM TBA","ONLINE SYNCHRONOUS ONLINE ASYNCHRONOUS","T. Manion T. Manion","01/13/2025 - 03/03/2025 01/13/2025 - 03/06/2025",N/A
FYS 101,"U702-SEC Eight Wk 2","Mo 8:00PM - 9:30PM TBA","ONLINE SYNCHRONOUS ONLINE ASYNCHRONOUS","K. Gillette K. Gillette","03/10/2025 - 04/28/2025 03/10/2025 - 05/01/2025",N/A
FYS 101,"U703-SEC Eight Wk 2","TBA Tu 8:00PM - 9:30PM","ONLINE ASYNCHRONOUS ONLINE SYNCHRONOUS","H. Berl H. Berl","03/10/2025 - 05/01/2025 03/11/2025 - 04/29/2025",N/A
CRS 183,"M001-SEC Regular",MoWe 11:40AM - 12:35PM,Shemin Auditorium Aud,E. Rand,01/13/2025 - 04/28/2025,N/A
CRS 183,"M008-RECRegular",Fr 8:25AM - 9:20AM,Sims Hall 135,K. Jones,01/17/2025 - 04/25/2025,N/A
CRS 225,"M001-SEC Regular",Mo 9:30AM - 10:25AM,Hall of Languages 107,A. Gratch,01/13/2025 - 04/28/2025,N/A
CRS 225,"M004-RECRegular",TuTh 8:00AM - 8:55AM,Sims Hall 131,C. Onwukwe,01/14/2025 - 04/24/2025,N/A
CRS 225,"M005-RECRegular",TuTh 8:00AM - 8:55AM,Sims Hall 135,D. Ferreira Leite,01/14/2025 - 04/24/2025,N/A
CRS 225,"M006-RECRegular",MoWe 10:35AM - 11:30AM,Sims Hall 241,M. Hanrahan,01/13/2025 - 04/28/2025,N/A
CRS 225,"M008-RECRegular",MoWe 11:40AM - 12:35PM,Sims Hall 129,M. Hanrahan,01/13/2025 - 04/28/2025,N/A
CRS 225,"M010-SEC Regular",TuTh 9:30AM - 10:50AM,Sims Hall 129,A. Rodriguez,01/14/2025 - 04/24/2025,N/A
CRS 287,"M001-SEC Regular",TuTh 12:30PM - 1:25PM,Maxwell Hall Aud,S. Sierra,01/14/2025 - 04/24/2025,N/A
CRS 287,"M004-RECRegular",Mo 8:25AM - 9:20AM,Sims Hall 135,A. Tapia Cera,01/13/2025 - 04/28/2025,N/A
CRS 287,"M005-RECRegular",We 8:25AM - 9:20AM,Sims Hall 129,F. Asifat,01/15/2025 - 04/23/2025,N/A
CRS 287,"M007-RECRegular",We 8:25AM - 9:20AM,Sims Hall 135,A. Tapia Cera,01/15/2025 - 04/23/2025,N/A
CRS 313,"M001-SEC Regular",We 5:15PM - 8:00PM,Sims Hall 123,A. Jakowenko,01/15/2025 - 04/23/2025,N/A
CRS 316,"M001-SEC Regular",TuTh 3:30PM - 4:50PM,Sims Hall 129,R. Hall,01/14/2025 - 04/24/2025,N/A
CRS 325,"M001-SEC Regular",MoWe 3:45PM - 5:05PM,Sims Hall 135,J. Dunagan,01/13/2025 - 04/28/2025,N/A
CRS 325,"M009-SEC Regular",TuTh 8:00AM - 9:20AM,Sims Hall 129,C. Madsen,01/14/2025 - 04/24/2025,N/A
CRS 325,"M011-SEC Regular",Mo 5:15PM - 8:00PM,Sims Hall 129,J. Bullinger,01/13/2025 - 04/28/2025,N/A
CRS 325,"U001-SEC Regular",We 5:15PM - 8:00PM,Sims Hall 129,J. Bullinger,01/15/2025 - 04/23/2025,N/A
CRS 328,"M001-SEC Regular",TuTh 2:00PM - 3:20PM,Sims Hall 129,A. Rodriguez,01/14/2025 - 04/24/2025,N/A
CRS 331,"M001-SEC Regular",Mo 5:15PM - 8:00PM,Sims Hall 135,J. Giovanini,01/13/2025 - 04/28/2025,N/A
CRS 333,"M001-SEC Regular",MoWe 2:15PM - 3:35PM,Sims Hall 131,J. Dunagan,01/13/2025 - 04/28/2025,N/A
CRS 333,"M002-SEC Regular",We 5:15PM - 8:00PM,Sims Hall 135,J. Dunagan,01/15/2025 - 04/23/2025,N/A
CRS 333,"M003-SEC Regular",Tu 5:15PM - 8:00PM,Sims Hall 123,A. Jakowenko,01/14/2025 - 04/22/2025,N/A
CRS 333,"M004-SEC Regular",MoWe 12:45PM - 2:05PM,Sims Hall 129,J. Dunagan,01/13/2025 - 04/28/2025,N/A
CRS 360,"M001-SEC Regular",MoWe 3:45PM - 5:05PM,Sims Hall 123,R. Dubrofsky,01/13/2025 - 04/28/2025,N/A
CRS 360,"M002-SEC Regular",MoWe 2:15PM - 3:35PM,Sims Hall 129,A. Gratch,01/13/2025 - 04/28/2025,N/A
CRS 360,"M007-SEC Regular",TuTh 12:30PM - 1:50PM,Sims Hall 135,H. Tabrizi,01/14/2025 - 04/24/2025,N/A
CRS 360,"M008-SEC Regular",TuTh 11:00AM - 12:20PM,Sims Hall 129,A. Rodriguez,01/14/2025 - 04/24/2025,N/A
CRS 360,"M009-SEC Regular",TuTh 2:00PM - 3:20PM,Sims Hall 131,H. Tabrizi,01/14/2025 - 04/24/2025,N/A
CRS 360,"M014-SEC Regular",Tu 1:00PM - 4:00PM,LOS ANGELES CAMPUS,R. Carpenter,01/14/2025 - 04/22/2025,N/A
CRS 375,"M001-SEC Regular",MoWe 3:45PM - 5:05PM,Sims Hall 129,C. Morris III,01/13/2025 - 04/28/2025,N/A
CRS 415,"M001-SEC Regular",TuTh 2:00PM - 3:20PM,Sims Hall 123,L. Gratch,01/14/2025 - 04/24/2025,N/A
CRS 425,"M001-SEC Regular",We 5:15PM - 8:00PM,Sims Hall 131,J. Giovanini,01/15/2025 - 04/23/2025,N/A
CRS 435,"M001-SEC Regular",TuTh 11:00AM - 12:20PM,Sims Hall 135,A. Jakowenko,01/14/2025 - 04/24/2025,N/A
CRS 435,"U001-SEC Regular",TBA,ONLINE ASYNCHRONOUS,C. Perrello,01/13/2025 - 04/28/2025,N/A
CRS 435,"U801-SEC Winterlude",TBA,ONLINE ASYNCHRONOUS,C. Perrello,12/18/2024 - 01/10/2025,N/A
CRS 447,"M001-SEC Regular",TuTh 9:30AM - 10:50AM,Sims Hall 123,D. Grimes,01/14/2025 - 04/24/2025,N/A
CRS 475,"M001-SEC Regular",MoWe 12:45PM - 2:05PM,Sims Hall 123,C. Morris III,01/13/2025 - 04/28/2025,N/A
CRS 600,"M001-SEC Regular",Th 5:00PM - 7:45PM,Sims Hall 123,K. Phillips,01/16/2025 - 04/24/2025,N/A
CRS 600,"M002-SEC Regular",TuTh 12:30PM - 1:50PM,Sims Hall 129,R. Hall,01/14/2025 - 04/24/2025,N/A
CRS 601,"M001-SEC Regular",TuTh 3:30PM - 4:50PM,Sims Hall 131,S. Sierra,01/14/2025 - 04/24/2025,N/A
CRS 996,"M001-SEC Regular",TBA,TBA,Staff,01/13/2025 - 04/28/2025,N/A
CRS 997,"M001-SEC Regular",TBA,TBA,E. Rand,01/13/2025 - 04/28/2025,N/A
ECS 104,"M011-LAB Regular",We 9:40AM - 11:30AM,Link Hall 274,C. Smith,01/15/2025 - 04/23/2025,N/A
ECS 104,"M016-SEC Regular",MoWe 11:40AM - 12:35PM,Carnegie 122,X. Liu,01/13/2025 - 04/28/2025,N/A
ECS 114,"M001-SEC Regular",TuTh 12:30PM - 1:25PM,Link Hall room 166,K. Pynn,01/14/2025 - 04/24/2025,N/A
ECS 114,"M002-SEC Regular",TuTh 2:00PM - 2:55PM,Link Hall room 166,K. Pynn,01/14/2025 - 04/24/2025,N/A
ECS 115,"M001-SEC Regular",TuTh 12:30PM - 1:25PM,Link Hall room 167,K. Pynn,01/14/2025 - 04/24/2025,N/A
ECS 115,"M011-SEC Regular",MoWe 6:00PM - 6:55PM,Link Hall 154,K. Pynn,01/13/2025 - 04/28/2025,N/A
ECS 115,"M020-SEC Regular",MoWe 11:40AM - 12:35PM,Link Hall room 167,K. Pynn,01/13/2025 - 04/28/2025,N/A
ECS 115,"M022-SEC Regular",MoWe 3:45PM - 4:40PM,SCITC 4-206K,K. Pynn,01/13/2025 - 04/28/2025,N/A
ECS 115,"M023-SEC Regular",TuTh 11:00AM - 11:55AM,Centr for Science and Tech 2-2,K. Pynn,01/14/2025 - 04/24/2025,N/A
ECS 115,"M024-SEC Regular",TuTh 12:30PM - 1:25PM,Centr for Science and Tech 2-2,K. Pynn,01/14/2025 - 04/24/2025,N/A
ECS 115,"M026-SEC Regular",MoWe 4:00PM - 4:55PM,Link Hall 246,K. Pynn,01/13/2025 - 04/28/2025,N/A
ECS 115,"M027-SEC Regular",TuTh 3:30PM - 4:25PM,Centr for Science and Tech 2-2,K. Pynn,01/14/2025 - 04/24/2025,N/A
ECS 115,"M028-SEC Regular",MoWe 2:15PM - 3:10PM,Link Hall 168,K. Pynn,01/13/2025 - 04/28/2025,N/A
ECS 115,"M029-SEC Regular",TuTh 5:00PM - 5:55PM,Link Hall room 166,K. Pynn,01/14/2025 - 04/24/2025,N/A
ECS 115,"M031-SEC Regular",TuTh 5:15PM - 6:35PM,scitc2-120,K. Pynn,01/14/2025 - 04/24/2025,N/A
ECS 116,"M002-SEC Regular",MoWe 2:15PM - 3:10PM,Link Hall room 166,K. Pynn,01/13/2025 - 04/28/2025,N/A
ECS 116,"M003-SEC Regular",Mo 12:45PM - 2:35PM,Centr for Science and Tech 2-2,K. Pynn,01/13/2025 - 04/28/2025,N/A
ECS 116,"M005-SEC Regular",We 3:45PM - 5:35PM,Link Hall 168,K. Pynn,01/15/2025 - 04/23/2025,N/A
ECS 116,"M007-SEC Regular",Mo 3:45PM - 5:35PM,Link Hall 168,K. Pynn,01/13/2025 - 04/28/2025,N/A
ECS 116,"M013-SEC Regular",Mo 1:50PM - 3:40PM,Link Hall 154,K. Pynn,01/13/2025 - 04/28/2025,N/A
ECS 116,"M014-SEC Regular",Fr 10:35AM - 12:25PM,Link Hall 154,K. Pynn,01/17/2025 - 04/25/2025,N/A
ECS 116,"M020-SEC Regular",WeFr 12:45PM - 1:40PM,Link Hall room 166,K. Pynn,01/15/2025 - 04/25/2025,N/A
ECS 116,"M021-SEC Regular",WeFr 2:15PM - 3:10PM,Link Hall 058,K. Pynn,01/13/2025 - 04/25/2025,N/A
ECS 117,"M002-SEC Regular",We 4:00PM - 5:50PM,Link Hall room 166,K. Pynn,01/15/2025 - 04/23/2025,N/A
ECS 117,"M003-SEC Regular",Tu 3:30PM - 5:20PM,Link Hall 168,K. Pynn,01/14/2025 - 04/22/2025,N/A
ECS 117,"M006-SEC Regular",We 3:45PM - 5:35PM,Link Hall 154,K. Pynn,01/15/2025 - 04/23/2025,N/A
ECS 117,"M008-SEC Regular",Th 5:00PM - 6:50PM,Link Hall 154,K. Pynn,01/16/2025 - 04/24/2025,N/A
ECS 200,"M001-SEC Regular",We 3:45PM - 5:35PM,Link Hall 274,K. Pynn,01/15/2025 - 04/23/2025,N/A
ECS 200,"M014-SEC Regular",We 5:15PM - 7:05PM,Link Hall 202,K. Pynn,01/15/2025 - 04/23/2025,N/A
ECS 200,"M021-SEC Regular",MoWe 12:45PM - 1:40PM,Link Hall 168,K. Pynn,01/13/2025 - 04/28/2025,N/A
ECS 200,"M023-SEC Regular",TuTh 11:00AM - 11:55AM,Link Hall room 167,K. Pynn,01/14/2025 - 04/24/2025,N/A
ECS 200,"M028-SEC Regular",TuTh 6:00PM - 6:55PM,Link Hall 168,K. Pynn,01/14/2025 - 04/24/2025,N/A
ECS 200,"M030-SEC Regular",Mo 3:45PM - 5:35PM,Link Hall room 167,K. Pynn,01/13/2025 - 04/28/2025,N/A
ECS 200,"M031-SEC Regular",Fr 9:30AM - 11:20AM,Link Hall room 167,K. Pynn,01/17/2025 - 04/25/2025,N/A
ECS 200,"M041-SEC Regular",Mo 3:45PM - 5:35PM,Centr for Science and Tech 2-2,K. Pynn,01/13/2025 - 04/28/2025,N/A
ECS 201,"M002-SEC Regular",Mo 3:45PM - 5:35PM,Link Hall 154,K. Pynn,01/13/2025 - 04/28/2025,N/A
ECS 201,"M003-SEC Regular",We 12:45PM - 2:35PM,Centr for Science and Tech 2-2,K. Pynn,01/15/2025 - 04/23/2025,N/A
ECS 202,"M002-SEC Regular",MoWe 5:15PM - 6:10PM,Link Hall 246,K. Pynn,01/13/2025 - 04/28/2025,N/A
ECS 202,"M003-SEC Regular",TuTh 11:00AM - 11:55AM,Link Hall 154,K. Pynn,01/14/2025 - 04/24/2025,N/A
ECS 202,"M011-SEC Regular",Tu 5:00PM - 6:50PM,Link Hall 154,K. Pynn,01/14/2025 - 04/22/2025,N/A
ECS 202,"M013-SEC Regular",We 9:30AM - 11:20AM,Link Hall room 166,K. Pynn,01/15/2025 - 04/23/2025,N/A
ECS 202,"M020-SEC Regular",We 9:30AM - 11:20AM,Link Hall room 167,K. Pynn,01/15/2025 - 04/23/2025,N/A
ECS 202,"M021-SEC Regular",Tu 5:00PM - 6:50PM,Link Hall room 167,K. Pynn,01/14/2025 - 04/22/2025,N/A
ECS 205,"M005-SEC Regular",We 3:45PM - 5:35PM,Link Hall room 167,K. Pynn,01/15/2025 - 04/23/2025,N/A
ECS 205,"M010-SEC Regular",We 3:45PM - 5:35PM,Centr for Science and Tech 2-2,K. Pynn,01/15/2025 - 04/23/2025,N/A
ECS 207,"M001-SEC Regular",TuTh 2:00PM - 2:55PM,Link Hall 154,K. Pynn,01/14/2025 - 04/24/2025,N/A
ECS 207,"M002-SEC Regular",TuTh 5:00PM - 5:55PM,Centr for Science and Tech 2-2,K. Pynn,01/14/2025 - 04/24/2025,N/A
ECS 221,"M001-SEC Regular",MoWeFr 9:30AM - 10:25AM,Link Hall room 160,E. Bogucz,01/13/2025 - 04/28/2025,N/A
ECS 221,"M003-RECRegular",Th 3:30PM - 4:25PM,Life Science Building 300,E. Bogucz,01/16/2025 - 04/24/2025,N/A
ECS 221,"M004-RECRegular",Th 5:00PM - 5:55PM,Sims Hall 241,E. Bogucz,01/16/2025 - 04/24/2025,N/A
ECS 221,"M005-RECRegular",We 11:40AM - 12:35PM,Sims Hall 237,E. Bogucz,01/15/2025 - 04/23/2025,N/A
ECS 222,"M001-SEC Regular",MoWeFr 9:30AM - 10:25AM,Shaffer Art Building 121,R. Tanchak,01/13/2025 - 04/28/2025,N/A
ECS 222,"M003-RECRegular",We 8:00AM - 8:55AM,Hall of Languages 105,K. Martinez Soto,01/15/2025 - 04/23/2025,N/A
ECS 222,"M006-RECRegular",Fr 10:35AM - 11:30AM,Link Hall 373,R. Tanchak,01/17/2025 - 04/25/2025,N/A
ECS 222,"M007-RECRegular",Fr 11:40AM - 12:35PM,Link Hall 373,R. Tanchak,01/17/2025 - 04/25/2025,N/A
ECS 222,"M008-SEC Regular",MoWe 12:45PM - 2:05PM,Life Science Building 011,K. Martinez Soto,01/13/2025 - 04/28/2025,N/A
ECS 222,"M009-RECRegular",Tu 5:00PM - 5:55PM,Link Hall 156,A. Shen,01/14/2025 - 04/22/2025,N/A
ECS 325,"M006-RECRegular",Mo 8:25AM - 9:20AM,Hall of Languages 105,T. Zhang,01/13/2025 - 04/28/2025,N/A
ECS 325,"M008-RECRegular",Tu 8:00AM - 8:55AM,Link Hall 246,A. Pandey,01/14/2025 - 04/22/2025,N/A
ECS 325,"M009-RECRegular",Fr 9:30AM - 10:25AM,Link Hall 200,T. Zhang,01/17/2025 - 04/25/2025,N/A
ECS 325,"M010-SEC Regular","MoWe 2:15PM - 3:35PM Fr 11:40AM - 12:35PM","Slocum Hall 214 School of Management 103","T. Zhang T. Zhang","01/13/2025 - 04/28/2025 01/17/2025 - 04/25/2025",N/A
ECS 370,"M001-SEC Regular",TBA,TBA,S. Mack,01/13/2025 - 04/28/2025,N/A
ECS 375,"M001-SEC Regular",Mo 9:30AM - 10:25AM,Link Hall 152,K. Pynn,01/13/2025 - 04/28/2025,N/A
ECS 375,"M003-SEC Regular",Mo 11:40AM - 12:35PM,Link Hall room 160,K. Pynn,01/13/2025 - 04/28/2025,N/A
ECS 392,"M001-SEC Regular","Mo 12:45PM - 2:05PM We 12:45PM - 2:05PM","Sims Hall 241 Link Hall 152","J. Pierce J. Pierce","01/13/2025 - 04/28/2025 01/15/2025 - 04/23/2025",N/A
ECS 392,"M002-SEC Regular",TuTh 9:30AM - 10:50AM,Science & Tech Ctr 3-216,J. Pierce,01/14/2025 - 04/24/2025,N/A
ECS 526,"M800-SEC Regular","TBA Th 8:30PM - 10:00PM","ONLINE ASYNCHRONOUS ONLINE SYNCHRONOUS","C. Coutermarsh C. Coutermarsh","01/13/2025 - 04/28/2025 01/16/2025 - 04/24/2025",N/A
ECS 636,"M001-SEC Regular",TuTh 12:30PM - 1:50PM,Link Hall 152,B. Salman,01/14/2025 - 04/24/2025,N/A
ECS 650,"M001-SEC Regular",MoWe 6:45PM - 8:05PM,School of Management 101,P. Momtaz,01/13/2025 - 04/28/2025,N/A
ECS 759,"M001-SEC Regular",MoWe 12:45PM - 2:05PM,Steele Hall room 206,J. Golden,01/13/2025 - 04/28/2025,N/A